filename,predicted_class,confidence
02c3b725-26e4-4a2c-9336-04ddc58836d9-1430726196216-1.7-m-04-hu_part2.wav,cry,0.9999
035c6b30-a145-42b9-8d0f-445cd9003d2c-1435948197257-1.7-m-04-hu_part2.wav,cry,0.9996
035c6b30-a145-42b9-8d0f-445cd9003d2c-1435948197257-1.7-m-04-hu_part3.wav,cry,0.9997
06c4cfa2-7fa6-4fda-91a1-ea186a4acc64-1430029237378-1.7-f-26-ti_part4.wav,cry,1.0000
06c4cfa2-7fa6-4fda-91a1-ea186a4acc64-1430029246453-1.7-f-26-ti_part4.wav,cry,1.0000
0776b33b-c41a-4a2e-8b9c-f1c184be00c8-1437123838264-1.7-f-26-hu_part1.wav,cry,1.0000
08E9485B-2772-444B-A636-77E14DD14A8C-1431493441-1.0-m-04-hu_part4.wav,cry,1.0000
08E9485B-2772-444B-A636-77E14DD14A8C-1431493441-1.0-m-04-hu_part5.wav,cry,1.0000
08E9485B-2772-444B-A636-77E14DD14A8C-1431493453-1.0-m-04-hu_part2.wav,cry,0.9999
090C15A8-5406-4EA5-97A3-81F6527227C0-1430147515-1.0-m-72-hu_part1.wav,cry,1.0000
090C15A8-5406-4EA5-97A3-81F6527227C0-1430147515-1.0-m-72-hu_part2.wav,cry,0.9997
090C15A8-5406-4EA5-97A3-81F6527227C0-1430147533-1.0-m-72-hu_part4.wav,cry,0.9921
090C15A8-5406-4EA5-97A3-81F6527227C0-1430147582-1.0-m-72-hu_part5.wav,cry,1.0000
0c8f14a9-6999-485b-97a2-913c1cbf099c-1430760379259-1.7-m-26-hu_part1.wav,cry,1.0000
101c6709-39fb-44dc-b905-7cbeed5714a2-1434361963544-1.7-f-04-hu_part1.wav,cry,0.9998
10A40438-09AA-4A21-83B4-8119F03F7A11-1430848060-1.0-f-26-hu_part1.wav,cry,1.0000
10A40438-09AA-4A21-83B4-8119F03F7A11-1430848101-1.0-f-26-hu_part1.wav,cry,0.9995
10A40438-09AA-4A21-83B4-8119F03F7A11-1430925142-1.0-f-26-dc_part2.wav,cry,1.0000
10A40438-09AA-4A21-83B4-8119F03F7A11-1430925172-1.0-f-26-hu_part4.wav,cry,1.0000
11417AC2-DCC9-48CD-8177-CA8665E51B2F-1436881489-1.1-m-48-hu_part1.wav,cry,0.9998
1259bcad-2308-46fa-9a36-b5d8f359886a-1430143617162-1.7-m-04-hu_part1.wav,cry,0.9997
1259bcad-2308-46fa-9a36-b5d8f359886a-1430143617162-1.7-m-04-hu_part4.wav,cry,0.9993
1309B82C-F146-46F0-A723-45345AFA6EA8-1430703937-1.0-f-48-dc_part1.wav,cry,1.0000
1309B82C-F146-46F0-A723-45345AFA6EA8-1430703937-1.0-f-48-dc_part5.wav,cry,1.0000
1309B82C-F146-46F0-A723-45345AFA6EA8-1430704008-1.0-f-48-dc_part2.wav,cry,1.0000
1445575b-80ad-477b-8e48-36194cac728e-1430244987914-1.7-f-48-hu_part3.wav,cry,1.0000
177dc72e-d0f8-47ef-a5a7-3b46878e11a0-1430736358754-1.7-f-26-hu_part2.wav,cry,0.9996
177dc72e-d0f8-47ef-a5a7-3b46878e11a0-1430736358754-1.7-f-26-hu_part4.wav,cry,0.9999
177dc72e-d0f8-47ef-a5a7-3b46878e11a0-1430736549614-1.7-f-26-hu_part4.wav,cry,0.9835
1b381a1e-88a6-4a48-b889-a5ccdf0aacaf-1430299568333-1.7-f-72-hu_part2.wav,cry,1.0000
20E2B5A0-40A4-4FD8-8935-AFD1DB833510-1430127670-1.0-m-26-hu_part2.wav,cry,1.0000
218e6fd7-f9c5-4490-afd7-c4fba174e7d2-1430209174300-1.7-m-72-hu_part3.wav,cry,1.0000
218e6fd7-f9c5-4490-afd7-c4fba174e7d2-1430209174300-1.7-m-72-hu_part5.wav,cry,0.9983
21c07aff-0a8d-4e74-ad5e-e3c7f7bcb11b-1430105653796-1.7-m-04-hu_part3.wav,cry,0.9964
21c07aff-0a8d-4e74-ad5e-e3c7f7bcb11b-1430105653796-1.7-m-04-hu_part4.wav,cry,0.9998
2439388A-9CF2-4D3B-9534-E6951FC9EAD4-1436877933-1.1-m-26-hu_part2.wav,cry,0.9957
2439388A-9CF2-4D3B-9534-E6951FC9EAD4-1436877944-1.1-m-26-hu_part2.wav,cry,0.9426
2439388A-9CF2-4D3B-9534-E6951FC9EAD4-1436877953-1.1-m-26-hu_part3.wav,cry,1.0000
24f2a4e1-7161-42a3-a2a2-a29a2422c0b8-1430814730789-1.7-f-26-hu_part1.wav,cry,1.0000
24f2a4e1-7161-42a3-a2a2-a29a2422c0b8-1430814730789-1.7-f-26-hu_part2.wav,cry,1.0000
24f2a4e1-7161-42a3-a2a2-a29a2422c0b8-1430814730789-1.7-f-26-hu_part4.wav,cry,0.9483
24f2a4e1-7161-42a3-a2a2-a29a2422c0b8-1430814741368-1.7-f-26-hu_part3.wav,not_cry,0.7756
24f94b49-c8bc-4ed2-b43a-80b099f12936-1430534715095-1.7-m-04-hu_part3.wav,cry,0.9979
2562ad82-485a-44c2-ad25-f70fce71480b-1430045593479-1.7-m-72-hu_part3.wav,cry,0.9820
2e25d0a5-0b2b-44ef-8491-e445b16ea75c-1430056332640-1.7-f-26-hu_part2.wav,cry,0.9999
2EE636FB-BD76-4118-A0EF-82FAFC32301F-1436586600-1.1-f-04-hu_part1.wav,cry,1.0000
2F1C0515-EC8E-44C1-ABEA-E04EB475543A-1432143888-1.1-m-22-hu_part4.wav,cry,1.0000
2F1C0515-EC8E-44C1-ABEA-E04EB475543A-1432143888-1.1-m-22-hu_part5.wav,cry,1.0000
3030d0e9-0c9b-4616-9b83-f10dc2dedbfd-1430053447333-1.7-m-26-hu_part2.wav,cry,1.0000
3030d0e9-0c9b-4616-9b83-f10dc2dedbfd-1430053594259-1.7-m-26-hu_part3.wav,cry,0.9991
35D58153-7AB7-443D-BED0-2D7ABF73743F-1431855847-1.1-m-04-hu_part3.wav,cry,0.7865
37105492-58b1-432e-a1ce-ea154425abab-1430744728397-1.7-f-26-hu_part1.wav,cry,0.8613
37105492-58b1-432e-a1ce-ea154425abab-1430744728397-1.7-f-26-hu_part3.wav,cry,0.9336
376C006E-3664-4056-80D0-7661F631A062-1436930593-1.1-m-26-hu_part2.wav,cry,1.0000
3941D08C-5A97-48A4-8830-091D878137F6-1430099813-1.0-m-72-hu_part3.wav,cry,1.0000
3bb2445a-9ae9-4dc8-9a2e-86c696ffa405-1430122005544-1.7-m-26-hu_part4.wav,cry,0.9990
3bb2445a-9ae9-4dc8-9a2e-86c696ffa405-1430142760958-1.7-m-26-hu_part2.wav,cry,1.0000
3bb2445a-9ae9-4dc8-9a2e-86c696ffa405-1430142784308-1.7-m-26-hu_part4.wav,cry,1.0000
3bb2445a-9ae9-4dc8-9a2e-86c696ffa405-1430146536552-1.7-m-26-hu_part2.wav,cry,1.0000
3BF71DAF-2A9E-4355-89D3-41AC37E94083-1437281306-1.1-f-26-hu_part4.wav,cry,1.0000
3c0b4e07-33ec-4d68-a6b2-5f5dcb8cff8e-1430070829977-1.7-m-26-hu_part1.wav,cry,1.0000
3c51dedc-6e4c-47dd-a179-86a25e95f1ef-1430651049104-1.7-m-72-hu_part5.wav,cry,1.0000
3DF341FA-E90B-4335-A51A-A9B0769150CE-1436859277-1.1-m-04-hu_part4.wav,cry,1.0000
40a4c760-facf-4911-b0a6-22eccc3ab18d-1430466393384-1.7-f-26-hu_part3.wav,cry,0.9998
40a4c760-facf-4911-b0a6-22eccc3ab18d-1430466393384-1.7-f-26-hu_part5.wav,cry,0.9999
40a4c760-facf-4911-b0a6-22eccc3ab18d-1430477726097-1.7-f-26-hu_part4.wav,cry,0.9999
40a4c760-facf-4911-b0a6-22eccc3ab18d-1430477756469-1.7-f-26-hu_part2.wav,cry,0.9997
40a4c760-facf-4911-b0a6-22eccc3ab18d-1430477756469-1.7-f-26-hu_part4.wav,cry,0.9998
42ec6f14-6ba6-457f-8a80-101ee201195c-1431345009828-1.7-m-22-hu_part3.wav,cry,0.9893
42ec6f14-6ba6-457f-8a80-101ee201195c-1431345009828-1.7-m-22-hu_part4.wav,cry,0.9963
42ec6f14-6ba6-457f-8a80-101ee201195c-1431345009828-1.7-m-22-hu_part5.wav,cry,0.9996
459c3f85-5710-4efa-bcc9-8012aa1af55e-1430034880215-1.7-f-48-hu_part4.wav,cry,1.0000
46002244-7304-45DC-BF69-B6EC2BB25009-1436902364-1.1-f-48-hu_part3.wav,cry,1.0000
46002244-7304-45DC-BF69-B6EC2BB25009-1436902364-1.1-f-48-hu_part5.wav,cry,1.0000
4be720ce-a5e5-4a48-930f-a212f8a239f6-1434737668804-1.7-f-48-hu_part2.wav,cry,0.9998
4be720ce-a5e5-4a48-930f-a212f8a239f6-1434737668804-1.7-f-48-hu_part3.wav,cry,0.9969
4be720ce-a5e5-4a48-930f-a212f8a239f6-1434774947458-1.7-f-48-hu_part2.wav,cry,1.0000
4be720ce-a5e5-4a48-930f-a212f8a239f6-1434774947458-1.7-f-48-hu_part4.wav,cry,1.0000
4CD5903D-E2CE-401E-B898-D873C763F44B-1430727644-1.0-m-26-hu_part1.wav,cry,0.9280
4CD5903D-E2CE-401E-B898-D873C763F44B-1430727653-1.0-m-26-hu_part4.wav,cry,1.0000
4cefc13c-e7c0-4b5a-bddb-c40c103e640a-1431583459308-1.7-f-26-hu_part4.wav,cry,0.9997
4D43D6CD-C084-4081-ABF3-8B25951B2D75-1430146631-1.0-m-04-hu_part1.wav,cry,0.9999
50DC5FBC-AC95-44F2-B55F-E4E5FB03AC96-1430007656-1.0-m-26-hu_part2.wav,cry,1.0000
52dfc27a-fbc4-4d9f-bbcf-6406c919324a-1430041644396-1.7-m-26-hu_part3.wav,cry,1.0000
52dfc27a-fbc4-4d9f-bbcf-6406c919324a-1430041657947-1.7-m-26-hu_part1.wav,cry,1.0000
549a46d8-9c84-430e-ade8-97eae2bef787-1430130669340-1.7-m-48-hu_part1.wav,cry,1.0000
549a46d8-9c84-430e-ade8-97eae2bef787-1430130760929-1.7-m-48-hu_part1.wav,cry,1.0000
549a46d8-9c84-430e-ade8-97eae2bef787-1430130760929-1.7-m-48-hu_part2.wav,cry,1.0000
5728DDD6-149B-412F-A14B-C29B9B5E415F-1432635069-1.0-m-26-hu_part4.wav,cry,1.0000
5afc6a14-a9d8-45f8-b31d-c79dd87cc8c6-1430757081034-1.7-m-48-hu_part2.wav,cry,0.9988
5B416CE8-2591-4531-9ADC-86D085B5D48B-1430144827-1.0-m-48-ti_part1.wav,cry,0.9959
5B416CE8-2591-4531-9ADC-86D085B5D48B-1430144827-1.0-m-48-ti_part2.wav,cry,0.9692
5C2F730C-9721-40B7-A2D8-C257DB518978-1429966336-1.0-m-04-hu_part5.wav,cry,1.0000
5E01DC60-1DE3-4AF9-A661-7F649EAE457D-1430141106-1.0-m-26-hu_part4.wav,cry,0.9999
5f651112-d2a3-4911-b3a5-f37bfc092494-1430734658837-1.7-m-72-hu_part4.wav,cry,1.0000
602b06a7-31f0-4370-b35a-9cc81d205958-1430907796431-1.7-f-72-hu_part1.wav,cry,1.0000
602b06a7-31f0-4370-b35a-9cc81d205958-1430907796431-1.7-f-72-hu_part2.wav,cry,1.0000
63CA92F7-973A-4DCA-A410-7B19811A2478-1430041884-1.0-f-26-hu_part4.wav,cry,0.9956
63CA92F7-973A-4DCA-A410-7B19811A2478-1430041902-1.0-f-26-hu_part2.wav,cry,0.9999
643D64AD-B711-469A-AF69-55C0D5D3E30F-1430138495-1.0-m-72-bp_part3.wav,cry,0.9981
643D64AD-B711-469A-AF69-55C0D5D3E30F-1430138506-1.0-m-72-bp_part3.wav,cry,0.9955
643D64AD-B711-469A-AF69-55C0D5D3E30F-1430138514-1.0-m-72-bp_part1.wav,cry,0.9908
643D64AD-B711-469A-AF69-55C0D5D3E30F-1430138514-1.0-m-72-bp_part4.wav,cry,0.9995
643D64AD-B711-469A-AF69-55C0D5D3E30F-1430138536-1.0-m-72-bp_part5.wav,cry,0.9999
643D64AD-B711-469A-AF69-55C0D5D3E30F-1430138591-1.0-m-72-bp_part2.wav,cry,0.9998
643D64AD-B711-469A-AF69-55C0D5D3E30F-1430138647-1.0-m-72-bp_part3.wav,cry,1.0000
64acb345-a61e-4ef3-a5a6-cf83c04b83f1-1430045478300-1.7-m-72-hu_part2.wav,cry,0.9997
64acb345-a61e-4ef3-a5a6-cf83c04b83f1-1430058973897-1.7-m-72-hu_part4.wav,cry,0.9989
64acb345-a61e-4ef3-a5a6-cf83c04b83f1-1430058990597-1.7-m-72-dc_part1.wav,cry,0.9997
64acb345-a61e-4ef3-a5a6-cf83c04b83f1-1430058990597-1.7-m-72-dc_part4.wav,cry,0.9998
64acb345-a61e-4ef3-a5a6-cf83c04b83f1-1430059012473-1.7-m-72-dc_part1.wav,cry,1.0000
6639C63C-F634-489C-91B3-E3DB5930EFD5-1431370278-1.1-m-04-hu_part1.wav,cry,0.8822
665BDF6D-2897-49F9-8AD0-978B3B2A0468-1430530218-1.0-m-26-dc_part3.wav,cry,0.9998
69374818-7b73-48ac-8200-e6a225e293fb-1430746080630-1.7-m-04-hu_part1.wav,cry,1.0000
69374818-7b73-48ac-8200-e6a225e293fb-1430746091424-1.7-m-04-hu_part3.wav,cry,0.9947
69374818-7b73-48ac-8200-e6a225e293fb-1430746091424-1.7-m-04-hu_part4.wav,cry,0.9934
7060a4f6-4c0c-494b-912c-ae60158b185a-1436931995150-1.7-f-04-hu_part2.wav,cry,0.9997
719bb382-a592-46b7-82d2-8b4a625263b7-1430376483385-1.7-m-48-hu_part4.wav,cry,0.9998
719bb382-a592-46b7-82d2-8b4a625263b7-1430376562788-1.7-m-48-hu_part2.wav,cry,0.9234
743E7CCA-D32B-40B6-9541-9808122D3F6B-1436860011-1.1-f-26-hu_part5.wav,cry,1.0000
7616E8F4-B1A7-45A6-9A0C-C9BB2DE64FC3-1436868751-1.1-m-72-hu_part2.wav,cry,1.0000
7616E8F4-B1A7-45A6-9A0C-C9BB2DE64FC3-1436868751-1.1-m-72-hu_part3.wav,cry,1.0000
7616E8F4-B1A7-45A6-9A0C-C9BB2DE64FC3-1436868751-1.1-m-72-hu_part4.wav,cry,1.0000
771fa0cc-4535-471b-9cec-d26deff8d567-1429803644891-1.7-m-04-hu_part2.wav,cry,0.9996
771fa0cc-4535-471b-9cec-d26deff8d567-1429803644891-1.7-m-04-hu_part3.wav,cry,0.9976
789d2553-cbf2-4911-91e4-fb228d231238-1430818517787-1.7-m-26-hu_part3.wav,cry,1.0000
79FF400A-97E2-4701-987D-C7C850D5523C-1430089487-1.0-f-48-ti_part3.wav,cry,0.9985
7A864194-4B6B-4850-ABBF-0C2A8170107B-1436846797-1.1-f-26-hu_part5.wav,cry,0.9992
7A864194-4B6B-4850-ABBF-0C2A8170107B-1436846824-1.1-f-26-hu_part2.wav,cry,1.0000
7A864194-4B6B-4850-ABBF-0C2A8170107B-1436846870-1.1-f-26-hu_part2.wav,cry,0.9995
7A864194-4B6B-4850-ABBF-0C2A8170107B-1436846870-1.1-f-26-hu_part3.wav,cry,1.0000
7b0e160e-0505-459e-8ecb-304d7afae9d2-1437486941311-1.7-m-04-hu_part2.wav,cry,0.9888
7b0e160e-0505-459e-8ecb-304d7afae9d2-1437486941311-1.7-m-04-hu_part3.wav,cry,0.9870
7b23d26e-6f97-4e8b-b520-a9fdde21ee91-1432261716253-1.7-m-48-hu_part1.wav,cry,1.0000
7b23d26e-6f97-4e8b-b520-a9fdde21ee91-1432261716253-1.7-m-48-hu_part2.wav,cry,1.0000
7b23d26e-6f97-4e8b-b520-a9fdde21ee91-1432275312750-1.7-m-48-hu_part4.wav,cry,1.0000
7B924575-21FC-462A-969E-BABB46D1CBF5-1430055167-1.0-f-72-hu_part1.wav,cry,0.9999
7B924575-21FC-462A-969E-BABB46D1CBF5-1430055167-1.0-f-72-hu_part4.wav,cry,1.0000
7B924575-21FC-462A-969E-BABB46D1CBF5-1430055243-1.0-f-72-hu_part1.wav,cry,1.0000
7CF37029-1040-40B8-ACC9-7E6E5C03AF9B-1429808939-1.0-m-72-hu_part1.wav,cry,0.9999
7CF37029-1040-40B8-ACC9-7E6E5C03AF9B-1429808939-1.0-m-72-hu_part2.wav,cry,1.0000
7CF37029-1040-40B8-ACC9-7E6E5C03AF9B-1429808939-1.0-m-72-hu_part3.wav,cry,0.9999
7E4B9C14-F955-4BED-9B03-7F3096A6CBFF-1430232157-1.0-f-26-hu_part1.wav,cry,0.8177
7E4B9C14-F955-4BED-9B03-7F3096A6CBFF-1430232180-1.0-f-26-hu_part5.wav,cry,0.9999
7E4B9C14-F955-4BED-9B03-7F3096A6CBFF-1430232195-1.0-f-26-hu_part1.wav,cry,0.9999
7E4B9C14-F955-4BED-9B03-7F3096A6CBFF-1430232195-1.0-f-26-hu_part2.wav,cry,0.9985
7E4B9C14-F955-4BED-9B03-7F3096A6CBFF-1430232195-1.0-f-26-hu_part5.wav,cry,0.9996
7E4B9C14-F955-4BED-9B03-7F3096A6CBFF-1430540826-1.0-f-26-bu_part3.wav,cry,1.0000
80130d3a-ceb9-4460-8464-e956bac5c40d-1436850034856-1.7-m-72-hu_part4.wav,cry,1.0000
80f5ab0a-16c1-4738-9209-fbdae52ff769-1430140636917-1.7-f-04-hu_part2.wav,cry,1.0000
815af07e-4c31-4032-8bd1-dab6e60c879e-1433156413683-1.7-m-04-hu_part3.wav,cry,1.0000
815af07e-4c31-4032-8bd1-dab6e60c879e-1433156423585-1.7-m-04-hu_part2.wav,cry,1.0000
815af07e-4c31-4032-8bd1-dab6e60c879e-1433156423585-1.7-m-04-hu_part4.wav,cry,1.0000
837fd072-8704-4196-9ff1-1d2c07886e55-1432429478471-1.7-m-22-dc_part1.wav,cry,0.9967
837fd072-8704-4196-9ff1-1d2c07886e55-1432429478471-1.7-m-22-dc_part4.wav,not_cry,0.8012
85FAB169-4DCC-406D-AC93-2F6A8D797DAB-1437632141-1.1-m-04-hu_part4.wav,cry,0.9894
86c2b87a-ae7c-46a3-b6fb-7ebe748812cf-1430036562389-1.7-m-04-hu_part2.wav,cry,1.0000
86c2b87a-ae7c-46a3-b6fb-7ebe748812cf-1430036562389-1.7-m-04-hu_part5.wav,cry,1.0000
88da3fbd-926b-4ee7-ae8f-85f92f2783b0-1430114329442-1.7-m-04-hu_part2.wav,cry,1.0000
8C13A1F9-62CC-46AA-9192-BECE5CDD5CB0-1430249362-1.0-f-72-hu_part4.wav,cry,1.0000
8c2a1f03-07f4-4aee-a73f-bc57beb2b600-1430761324670-1.7-f-26-hu_part2.wav,cry,0.9965
8c2a1f03-07f4-4aee-a73f-bc57beb2b600-1430761324670-1.7-f-26-hu_part4.wav,cry,1.0000
8c66887c-8251-49fa-903b-c02d56405f58-1436856065644-1.7-m-26-hu_part1.wav,cry,1.0000
8c66887c-8251-49fa-903b-c02d56405f58-1436856065644-1.7-m-26-hu_part3.wav,cry,1.0000
8c66887c-8251-49fa-903b-c02d56405f58-1436856065644-1.7-m-26-hu_part4.wav,cry,0.9993
8c66887c-8251-49fa-903b-c02d56405f58-1436856137837-1.7-m-26-hu_part2.wav,cry,1.0000
8c920fd0-fa9f-4926-bcac-074767dcbfcd-1436850948195-1.7-m-04-hu_part1.wav,cry,1.0000
8c920fd0-fa9f-4926-bcac-074767dcbfcd-1436856363348-1.7-f-04-hu_part1.wav,cry,1.0000
8c920fd0-fa9f-4926-bcac-074767dcbfcd-1436856363348-1.7-f-04-hu_part4.wav,cry,1.0000
8c920fd0-fa9f-4926-bcac-074767dcbfcd-1436856382717-1.7-m-04-hu_part2.wav,cry,0.9999
8f4dbf5a-b504-4452-b6ac-94e646a6a052-1430727792958-1.7-f-72-hu_part4.wav,cry,0.9998
8f4dbf5a-b504-4452-b6ac-94e646a6a052-1430729451597-1.7-f-72-hu_part4.wav,cry,0.9148
8f4dbf5a-b504-4452-b6ac-94e646a6a052-1430734962301-1.7-f-72-hu_part3.wav,not_cry,0.9763
8f4dbf5a-b504-4452-b6ac-94e646a6a052-1430735028906-1.7-f-72-hu_part2.wav,cry,1.0000
8f4dbf5a-b504-4452-b6ac-94e646a6a052-1430735057816-1.7-f-72-hu_part3.wav,cry,1.0000
8f5c01dc-6826-4076-a831-027ad61afdaf-1435873509176-1.7-f-26-hu_part1.wav,cry,0.9999
8FDA58A7-FDC6-4421-855F-738E6E853E43-1429895751-1.0-m-26-hu_part3.wav,cry,1.0000
8FDA58A7-FDC6-4421-855F-738E6E853E43-1429895751-1.0-m-26-hu_part5.wav,cry,1.0000
92d08bbe-553f-4844-85b1-15d572f06ea2-1436873211119-1.7-m-04-hu_part2.wav,cry,0.9997
96986c8b-9988-4c37-a0f8-e7c4269cc3ac-1431719845836-1.7-m-26-hu_part4.wav,cry,1.0000
990DE219-FCD1-4634-91CE-19AB93E5D2B0-1430214575-1.0-m-04-hu_part3.wav,not_cry,0.7886
990DE219-FCD1-4634-91CE-19AB93E5D2B0-1430214575-1.0-m-04-hu_part4.wav,not_cry,0.5660
999bf14b-e417-4b44-b746-9253f81efe38-1430844940177-1.7-m-04-hu_part4.wav,cry,0.9990
999bf14b-e417-4b44-b746-9253f81efe38-1430844958178-1.7-m-04-ch_part3.wav,cry,1.0000
999bf14b-e417-4b44-b746-9253f81efe38-1430845035663-1.7-m-26-ch_part1.wav,cry,1.0000
999bf14b-e417-4b44-b746-9253f81efe38-1430845035663-1.7-m-26-ch_part3.wav,cry,1.0000
999bf14b-e417-4b44-b746-9253f81efe38-1430845035663-1.7-m-26-ch_part4.wav,cry,1.0000
999bf14b-e417-4b44-b746-9253f81efe38-1431013068243-1.7-m-26-hu_part2.wav,cry,1.0000
999bf14b-e417-4b44-b746-9253f81efe38-1431013068243-1.7-m-26-hu_part3.wav,cry,1.0000
9aa8bac5-eeb9-4f19-a4bf-7c439e87364b-1430745312460-1.7-m-04-hu_part3.wav,cry,0.9989
9aa8bac5-eeb9-4f19-a4bf-7c439e87364b-1430745312460-1.7-m-04-hu_part4.wav,cry,0.9987
9aa8bac5-eeb9-4f19-a4bf-7c439e87364b-1430745385374-1.7-m-04-hu_part4.wav,cry,0.9996
9CFD61B9-BF13-406D-8B2F-F73CFAAF25CB-1430927704-1.0-f-04-hu_part3.wav,cry,1.0000
9CFD61B9-BF13-406D-8B2F-F73CFAAF25CB-1430927716-1.0-f-04-hu_part3.wav,cry,1.0000
9CFD61B9-BF13-406D-8B2F-F73CFAAF25CB-1430927716-1.0-f-04-hu_part5.wav,cry,1.0000
9fe37482-6a64-401d-b8b9-3e47d6ed9ac0-1430047362195-1.7-f-26-hu_part4.wav,cry,0.9999
9fe37482-6a64-401d-b8b9-3e47d6ed9ac0-1430047590938-1.7-f-26-hu_part3.wav,cry,1.0000
a40b9b8d-e4bc-457a-badf-f38bdbc0c358-1430016745385-1.7-m-04-hu_part2.wav,cry,0.9999
a40b9b8d-e4bc-457a-badf-f38bdbc0c358-1430016745385-1.7-m-04-hu_part3.wav,cry,1.0000
a40b9b8d-e4bc-457a-badf-f38bdbc0c358-1430017191818-1.7-m-26-hu_part3.wav,cry,0.9528
a7b13b65-da2c-48ec-8aed-46adcaba705f-1430823489236-1.7-f-26-hu_part1.wav,cry,1.0000
a7b13b65-da2c-48ec-8aed-46adcaba705f-1430823489236-1.7-f-26-hu_part4.wav,cry,1.0000
aaa57dbd-7b88-454a-963e-6faa2f4ed4e7-1436988612387-1.7-f-04-hu_part1.wav,cry,1.0000
aaa57dbd-7b88-454a-963e-6faa2f4ed4e7-1437166513710-1.7-f-04-hu_part1.wav,cry,1.0000
aaa57dbd-7b88-454a-963e-6faa2f4ed4e7-1437166513710-1.7-f-04-hu_part5.wav,cry,1.0000
ad7fd28b-3e85-4e9b-9e18-af4bda64c60f-1430756389867-1.7-m-72-hu_part2.wav,cry,1.0000
ad7fd28b-3e85-4e9b-9e18-af4bda64c60f-1430756389867-1.7-m-72-hu_part4.wav,cry,1.0000
adb53808-8b13-4c08-b055-6653c75298be-1430133982281-1.7-m-72-hu_part1.wav,cry,0.9999
AE02C934-F4E5-4C73-818D-56AA6887EC18-1430279454-1.0-m-26-hu_part1.wav,cry,0.9996
AE02C934-F4E5-4C73-818D-56AA6887EC18-1430279454-1.0-m-26-hu_part3.wav,cry,0.9943
ae5a462b-5424-4b5b-82d5-07ccb61654ab-1430405436291-1.7-f-04-hu_part2.wav,cry,1.0000
ae5a462b-5424-4b5b-82d5-07ccb61654ab-1431155960186-1.7-f-48-hu_part2.wav,cry,1.0000
af30880e-5f98-4dc0-b37a-be6b21fa0ba3-1431240072536-1.7-m-26-bu_part3.wav,cry,1.0000
afa44e7f-4187-4f1c-9437-b49ba75f542e-1430629785235-1.7-f-04-hu_part3.wav,cry,0.9801
awake_103_part7.wav,cry,1.0000
awake_104_part10.wav,cry,0.9999
awake_104_part13.wav,cry,0.9983
awake_104_part16.wav,cry,0.9998
awake_104_part17.wav,cry,0.9998
awake_104_part6.wav,cry,0.8944
awake_104_part7.wav,cry,0.7086
awake_104_part9.wav,cry,0.9975
awake_105_part10.wav,cry,1.0000
awake_105_part15.wav,cry,0.9998
awake_105_part7.wav,cry,1.0000
awake_108_part1.wav,cry,0.9985
awake_108_part10.wav,cry,0.9999
awake_108_part2.wav,cry,0.9975
awake_108_part6.wav,cry,1.0000
awake_108_part7.wav,cry,0.9998
awake_109_part2.wav,cry,0.9999
awake_109_part5.wav,cry,1.0000
awake_110_part1.wav,cry,0.9889
awake_110_part11.wav,cry,0.9869
awake_110_part13.wav,cry,0.9734
awake_111_part11.wav,cry,1.0000
awake_111_part12.wav,cry,1.0000
awake_111_part13.wav,cry,1.0000
awake_111_part14.wav,cry,1.0000
awake_111_part20.wav,cry,1.0000
awake_112_part14.wav,cry,1.0000
awake_113_part11.wav,cry,1.0000
awake_114_part12.wav,cry,0.9995
awake_115_part1.wav,cry,0.9072
awake_115_part3.wav,cry,0.8883
awake_115_part8.wav,cry,1.0000
awake_115_part9.wav,cry,0.9997
awake_117_part10.wav,cry,0.7832
awake_117_part12.wav,cry,0.9999
awake_117_part3.wav,cry,1.0000
awake_117_part5.wav,cry,0.8392
awake_117_part8.wav,cry,0.9099
awake_118_part13.wav,cry,0.9900
awake_118_part14.wav,cry,0.9999
awake_118_part15.wav,cry,1.0000
awake_118_part16.wav,cry,1.0000
awake_119_part1.wav,cry,0.9943
awake_119_part10.wav,cry,0.9994
awake_119_part12.wav,cry,0.9968
awake_119_part13.wav,cry,1.0000
awake_119_part16.wav,cry,1.0000
awake_119_part19.wav,cry,1.0000
awake_119_part4.wav,not_cry,0.8251
awake_11_part4.wav,cry,0.9934
awake_120_part1.wav,cry,0.9999
awake_120_part11.wav,cry,0.9999
awake_120_part12.wav,cry,0.9891
awake_120_part15.wav,cry,0.9999
awake_120_part8.wav,cry,0.9965
awake_121_part13.wav,cry,0.9963
awake_121_part3.wav,cry,0.9999
awake_122_part5.wav,cry,0.9999
awake_123_part1.wav,cry,1.0000
awake_124_part11.wav,cry,0.9962
awake_124_part12.wav,cry,0.9998
awake_124_part9.wav,cry,0.9828
awake_125_part1.wav,cry,0.9999
awake_125_part11.wav,cry,1.0000
awake_125_part5.wav,cry,1.0000
awake_126_part10.wav,cry,1.0000
awake_126_part14.wav,cry,1.0000
awake_126_part5.wav,cry,0.9998
awake_127_part2.wav,cry,1.0000
awake_127_part5.wav,cry,1.0000
awake_129_part16.wav,cry,0.6583
awake_129_part3.wav,not_cry,0.9488
awake_12_part10.wav,cry,0.9996
awake_12_part9.wav,cry,0.9668
awake_130_part8.wav,cry,1.0000
awake_131_part13.wav,cry,0.9526
awake_132_part13.wav,cry,1.0000
awake_132_part8.wav,cry,0.6795
awake_133_part14.wav,cry,0.9970
awake_133_part4.wav,cry,0.9949
awake_133_part5.wav,cry,0.9962
awake_133_part6.wav,cry,0.9641
awake_134_part1.wav,cry,1.0000
awake_134_part2.wav,cry,0.9999
awake_134_part4.wav,cry,1.0000
awake_134_part9.wav,cry,1.0000
awake_135_part11.wav,cry,1.0000
awake_135_part5.wav,cry,0.9999
awake_136_part11.wav,cry,0.9999
awake_137_part1.wav,cry,1.0000
awake_137_part11.wav,cry,0.9998
awake_137_part9.wav,cry,1.0000
awake_138_part11.wav,cry,0.9998
awake_138_part4.wav,cry,1.0000
awake_138_part8.wav,cry,1.0000
awake_139_part14.wav,cry,0.9999
awake_139_part15.wav,cry,1.0000
awake_13_part12.wav,cry,1.0000
awake_13_part4.wav,cry,1.0000
awake_13_part5.wav,cry,0.9999
awake_13_part7.wav,cry,0.9974
awake_140_part10.wav,cry,0.9999
awake_140_part17.wav,cry,0.9958
awake_140_part3.wav,cry,0.9987
awake_140_part7.wav,cry,0.9984
awake_141_part3.wav,cry,1.0000
awake_141_part6.wav,cry,0.9990
awake_142_part10.wav,cry,1.0000
awake_142_part11.wav,cry,1.0000
awake_142_part13.wav,cry,1.0000
awake_143_part9.wav,cry,0.9994
awake_144_part4.wav,cry,1.0000
awake_144_part5.wav,cry,1.0000
awake_144_part6.wav,cry,1.0000
awake_145_part5.wav,cry,1.0000
awake_146_part11.wav,cry,0.9991
awake_146_part13.wav,cry,1.0000
awake_148_part16.wav,cry,1.0000
awake_148_part4.wav,cry,1.0000
awake_149_part1.wav,cry,0.9992
awake_14_part11.wav,cry,0.9996
awake_14_part7.wav,cry,1.0000
awake_14_part8.wav,cry,1.0000
awake_150_part14.wav,cry,1.0000
awake_150_part2.wav,cry,0.9868
awake_150_part6.wav,cry,1.0000
awake_151_part10.wav,cry,0.9983
awake_151_part4.wav,cry,0.9996
awake_152_part13.wav,cry,0.9927
awake_152_part2.wav,cry,1.0000
awake_152_part3.wav,cry,0.9999
awake_152_part7.wav,cry,0.9549
awake_153_part13.wav,cry,0.9999
awake_153_part2.wav,cry,0.9998
awake_154_part7.wav,cry,0.9998
awake_155_part15.wav,cry,1.0000
awake_155_part4.wav,cry,1.0000
awake_155_part7.wav,cry,1.0000
awake_157_part3.wav,cry,0.9999
awake_157_part6.wav,cry,1.0000
awake_159_part15.wav,cry,0.9990
awake_159_part2.wav,cry,1.0000
awake_159_part6.wav,cry,0.9896
awake_15_part12.wav,cry,0.8908
awake_15_part3.wav,cry,0.9928
awake_16_part10.wav,not_cry,0.8320
awake_17_part2.wav,cry,0.8062
awake_17_part5.wav,cry,0.9986
awake_19_part10.wav,cry,0.9998
awake_19_part7.wav,cry,0.9999
awake_20_part2.wav,cry,0.9980
awake_20_part3.wav,cry,0.9867
awake_21_part10.wav,cry,0.9064
awake_21_part5.wav,cry,0.9979
awake_22_part5.wav,cry,1.0000
awake_22_part8.wav,not_cry,0.7206
awake_23_part10.wav,cry,1.0000
awake_23_part2.wav,cry,1.0000
awake_23_part9.wav,cry,1.0000
awake_24_part1.wav,cry,0.9918
awake_24_part11.wav,cry,0.9999
awake_24_part13.wav,cry,1.0000
awake_25_part10.wav,cry,0.9999
awake_25_part2.wav,cry,0.9996
awake_25_part8.wav,cry,0.9989
awake_26_part10.wav,cry,0.9999
awake_26_part6.wav,cry,0.9999
awake_27_part10.wav,cry,0.9997
awake_27_part2.wav,cry,1.0000
awake_28_part14.wav,cry,1.0000
awake_28_part17.wav,cry,1.0000
awake_28_part7.wav,cry,0.9987
awake_29_part1.wav,cry,0.9948
awake_29_part17.wav,cry,1.0000
awake_29_part19.wav,cry,1.0000
awake_29_part2.wav,cry,0.9646
awake_2_part2.wav,cry,0.9999
awake_2_part5.wav,cry,0.9999
awake_30_part12.wav,cry,0.8025
awake_30_part5.wav,cry,0.9998
awake_30_part9.wav,cry,0.9998
awake_31_part12.wav,cry,1.0000
awake_31_part13.wav,cry,0.9999
awake_31_part2.wav,cry,0.9989
awake_31_part6.wav,cry,1.0000
awake_32_part13.wav,cry,0.9999
awake_32_part7.wav,cry,0.9999
awake_32_part8.wav,cry,0.9999
awake_33_part12.wav,cry,0.9999
awake_33_part5.wav,cry,1.0000
awake_34_part10.wav,cry,1.0000
awake_36_part10.wav,cry,0.9876
awake_36_part11.wav,cry,0.9968
awake_36_part12.wav,cry,0.9999
awake_36_part13.wav,cry,0.9993
awake_36_part2.wav,cry,0.9934
awake_37_part1.wav,cry,0.9992
awake_37_part16.wav,cry,0.9932
awake_37_part6.wav,cry,0.9970
awake_37_part8.wav,cry,0.9997
awake_37_part9.wav,cry,1.0000
awake_38_part12.wav,cry,1.0000
awake_38_part4.wav,cry,0.9999
awake_38_part5.wav,cry,1.0000
awake_38_part6.wav,cry,1.0000
awake_39_part14.wav,cry,0.9999
awake_39_part8.wav,cry,0.9998
awake_3_part10.wav,cry,0.9978
awake_3_part7.wav,cry,1.0000
awake_40_part11.wav,cry,0.9997
awake_40_part6.wav,cry,0.9999
awake_41_part13.wav,cry,1.0000
awake_41_part2.wav,cry,0.9837
awake_41_part3.wav,cry,0.9988
awake_42_part11.wav,cry,0.9999
awake_42_part3.wav,cry,1.0000
awake_42_part4.wav,cry,1.0000
awake_42_part5.wav,cry,1.0000
awake_42_part7.wav,cry,1.0000
awake_43_part12.wav,cry,1.0000
awake_43_part15.wav,cry,0.9997
awake_43_part2.wav,cry,0.9990
awake_44_part8.wav,cry,0.9991
awake_45_part11.wav,cry,1.0000
awake_45_part5.wav,cry,0.9995
awake_46_part10.wav,cry,0.9886
awake_46_part3.wav,cry,0.9999
awake_46_part5.wav,cry,0.9991
awake_47_part11.wav,cry,0.9842
awake_47_part8.wav,cry,0.9660
awake_48_part13.wav,cry,0.9999
awake_48_part14.wav,cry,0.9999
awake_48_part23.wav,cry,1.0000
awake_48_part6.wav,cry,0.9998
awake_48_part8.wav,cry,1.0000
awake_49_part14.wav,cry,0.9994
awake_49_part16.wav,cry,0.9996
awake_49_part8.wav,not_cry,0.8712
awake_4_part1.wav,cry,0.9951
awake_50_part11.wav,cry,0.9999
awake_51_part12.wav,cry,1.0000
awake_51_part3.wav,cry,0.9999
awake_51_part7.wav,cry,0.9999
awake_52_part1.wav,cry,1.0000
awake_52_part3.wav,cry,1.0000
awake_52_part9.wav,cry,1.0000
awake_53_part11.wav,cry,0.9975
awake_53_part2.wav,cry,0.9996
awake_53_part3.wav,cry,0.9995
awake_53_part6.wav,cry,0.9994
awake_53_part7.wav,cry,0.9742
awake_53_part9.wav,cry,0.9910
awake_54_part21.wav,cry,0.9972
awake_54_part3.wav,cry,1.0000
awake_55_part14.wav,cry,0.9999
awake_55_part5.wav,cry,0.9998
awake_56_part10.wav,cry,1.0000
awake_56_part3.wav,cry,0.9997
awake_56_part7.wav,cry,1.0000
awake_56_part9.wav,cry,1.0000
awake_57_part2.wav,not_cry,0.9388
awake_58_part11.wav,cry,0.9992
awake_59_part4.wav,cry,0.9994
awake_5_part15.wav,cry,0.9950
awake_5_part7.wav,cry,0.9614
awake_5_part9.wav,cry,0.9841
awake_60_part3.wav,cry,1.0000
awake_60_part7.wav,cry,0.9976
awake_62_part1.wav,cry,0.9668
awake_64_part1.wav,cry,1.0000
awake_64_part12.wav,cry,1.0000
awake_65_part11.wav,cry,0.9994
awake_65_part21.wav,cry,0.9995
awake_65_part3.wav,cry,0.9999
awake_65_part6.wav,cry,0.9999
awake_65_part8.wav,cry,1.0000
awake_66_part10.wav,cry,0.9999
awake_67_part10.wav,cry,0.9953
awake_67_part2.wav,cry,0.9639
awake_68_part7.wav,cry,1.0000
awake_68_part8.wav,cry,0.9999
awake_69_part17.wav,cry,0.9997
awake_69_part2.wav,cry,1.0000
awake_69_part5.wav,cry,1.0000
awake_6_part1.wav,not_cry,0.9636
awake_6_part14.wav,cry,1.0000
awake_70_part11.wav,cry,0.9980
awake_70_part3.wav,cry,0.9995
awake_70_part9.wav,cry,0.9912
awake_71_part1.wav,cry,1.0000
awake_71_part11.wav,cry,1.0000
awake_72_part13.wav,cry,1.0000
awake_73_part7.wav,cry,1.0000
awake_74_part11.wav,cry,0.9998
awake_74_part2.wav,cry,0.9886
awake_74_part7.wav,cry,0.7577
awake_75_part10.wav,cry,0.9509
awake_75_part5.wav,cry,0.9971
awake_78_part11.wav,cry,1.0000
awake_79_part1.wav,cry,0.9721
awake_7_part1.wav,cry,1.0000
awake_80_part14.wav,cry,0.9999
awake_80_part5.wav,cry,0.9994
awake_81_part11.wav,cry,0.9997
awake_81_part4.wav,cry,0.9996
awake_81_part5.wav,cry,1.0000
awake_82_part11.wav,cry,0.9999
awake_82_part13.wav,cry,0.9999
awake_82_part3.wav,cry,0.9999
awake_83_part6.wav,cry,0.9981
awake_84_part18.wav,cry,0.9584
awake_84_part4.wav,cry,0.9981
awake_84_part5.wav,cry,0.9992
awake_85_part8.wav,cry,1.0000
awake_86_part5.wav,cry,0.9999
awake_87_part12.wav,not_cry,0.9382
awake_87_part6.wav,not_cry,0.9934
awake_87_part7.wav,not_cry,0.9949
awake_88_part1.wav,cry,0.9999
awake_89_part2.wav,cry,0.9835
awake_89_part9.wav,cry,1.0000
awake_8_part11.wav,cry,0.9930
awake_8_part13.wav,cry,0.9999
awake_90_part1.wav,cry,0.9999
awake_90_part6.wav,cry,0.9999
awake_90_part7.wav,cry,1.0000
awake_91_part13.wav,cry,0.9988
awake_91_part3.wav,cry,1.0000
awake_93_part1.wav,cry,0.9998
awake_93_part12.wav,cry,0.9239
awake_93_part13.wav,cry,0.9896
awake_93_part19.wav,cry,0.9973
awake_93_part20.wav,cry,0.9569
awake_93_part8.wav,cry,0.9618
awake_94_part1.wav,cry,1.0000
awake_94_part2.wav,cry,1.0000
awake_94_part4.wav,cry,1.0000
awake_94_part8.wav,cry,1.0000
awake_94_part9.wav,cry,0.9982
awake_95_part1.wav,cry,1.0000
awake_97_part7.wav,cry,0.9992
awake_98_part1.wav,cry,0.9996
awake_98_part7.wav,cry,0.9985
awake_99_part1.wav,cry,1.0000
awake_99_part10.wav,cry,1.0000
awake_99_part9.wav,cry,1.0000
awake_9_part12.wav,cry,1.0000
awake_9_part14.wav,cry,1.0000
awake_9_part4.wav,cry,0.9997
awake_9_part5.wav,cry,1.0000
B2A105BB-347B-4878-A735-AA4ECF32CD16-1436864116-1.1-m-26-hu_part5.wav,cry,1.0000
B2AABCE0-1F62-4B57-B58A-308959ABDFE7-1437188766-1.1-m-26-ti_part3.wav,cry,1.0000
B327333E-2DE2-4833-A75A-4C576208BED3-1430087429-1.0-f-48-hu_part4.wav,cry,0.9994
B327333E-2DE2-4833-A75A-4C576208BED3-1430087443-1.0-f-48-hu_part2.wav,cry,0.9161
B327333E-2DE2-4833-A75A-4C576208BED3-1430087456-1.0-f-48-hu_part5.wav,cry,1.0000
B400D2D0-9FCE-472E-A152-1FF349B9B407-1436845915-1.1-m-04-hu_part3.wav,cry,0.9990
b4c460d8-bd6b-4017-9bb8-2ae4ff0c5af1-1432751065608-1.7-f-26-hu_part3.wav,cry,1.0000
b5044f9a-6f2e-44fc-8e04-9076a988acf2-1435544527174-1.7-m-04-hu_part1.wav,cry,1.0000
b8fe4527-5e46-437f-897d-be32112bc1c8-1430166086647-1.7-f-48-hu_part1.wav,cry,1.0000
b8fe4527-5e46-437f-897d-be32112bc1c8-1430166086647-1.7-f-48-hu_part3.wav,cry,1.0000
bb2bdafb-0477-4be4-8c41-1a6192e8c6d4-1430637640279-1.7-m-72-hu_part3.wav,cry,0.9989
bb2bdafb-0477-4be4-8c41-1a6192e8c6d4-1430637640279-1.7-m-72-hu_part4.wav,cry,0.7225
bb2bdafb-0477-4be4-8c41-1a6192e8c6d4-1430637736064-1.7-m-72-hu_part2.wav,cry,1.0000
bb2bdafb-0477-4be4-8c41-1a6192e8c6d4-1430637736064-1.7-m-72-hu_part4.wav,cry,1.0000
bfbc4d23-39b2-4b33-b686-2f048f062b60-1430077722675-1.7-f-72-hu_part1.wav,cry,0.9868
c10e2b0f-0cb8-4485-b82f-d453edf97db7-1430738986076-1.7-f-26-hu_part3.wav,cry,0.9995
C421C6FE-DFEE-4080-8AEA-848E7CE4756B-1430548277-1.0-f-26-hu_part1.wav,cry,1.0000
C421C6FE-DFEE-4080-8AEA-848E7CE4756B-1430548393-1.0-f-26-ti_part1.wav,cry,0.9999
C421C6FE-DFEE-4080-8AEA-848E7CE4756B-1430548393-1.0-f-26-ti_part3.wav,cry,0.9999
C421C6FE-DFEE-4080-8AEA-848E7CE4756B-1430548393-1.0-f-26-ti_part4.wav,cry,0.9999
c6fd9d60-0fa7-44c0-b3ce-0192527d7b81-1429978271017-1.7-m-04-hu_part2.wav,cry,1.0000
c6fd9d60-0fa7-44c0-b3ce-0192527d7b81-1430038968282-1.7-m-04-hu_part4.wav,cry,1.0000
c6fd9d60-0fa7-44c0-b3ce-0192527d7b81-1430066825817-1.7-m-72-hu_part1.wav,cry,0.9998
c7fef089-4a65-4b75-bfd4-bae0e3518adf-1430754388848-1.7-m-04-hu_part3.wav,cry,0.9983
cde108d0-62c3-47f8-82c4-233c9fba5cdd-1436884406827-1.7-m-48-hu_part1.wav,cry,0.9989
cde108d0-62c3-47f8-82c4-233c9fba5cdd-1436884406827-1.7-m-48-hu_part2.wav,cry,0.9785
cde108d0-62c3-47f8-82c4-233c9fba5cdd-1436884406827-1.7-m-48-hu_part3.wav,cry,0.9892
cde108d0-62c3-47f8-82c4-233c9fba5cdd-1436884444242-1.7-m-48-hu_part3.wav,cry,0.9997
D18A30C6-4370-4BE0-83F8-031892F96603-1432989796-1.1-f-04-hu_part2.wav,cry,1.0000
D18A30C6-4370-4BE0-83F8-031892F96603-1432989796-1.1-f-04-hu_part4.wav,cry,0.9989
D1CB71F9-EF76-49B3-A703-41D557444D21-1436863366-1.1-m-04-hu_part5.wav,cry,1.0000
D1CB71F9-EF76-49B3-A703-41D557444D21-1436863375-1.1-m-04-hu_part4.wav,cry,1.0000
D1CB71F9-EF76-49B3-A703-41D557444D21-1436863375-1.1-m-04-hu_part5.wav,cry,1.0000
D4665929-8695-4655-927F-63F09B2D4CB8-1430726940-1.0-f-26-ti_part1.wav,cry,0.9870
D54D9C2A-56ED-4338-9D1F-2ADB4E081DAD-1429807598-1.0-m-48-hu_part2.wav,cry,1.0000
D54D9C2A-56ED-4338-9D1F-2ADB4E081DAD-1430036283-1.0-m-48-hu_part3.wav,cry,1.0000
D54D9C2A-56ED-4338-9D1F-2ADB4E081DAD-1430036301-1.0-m-48-hu_part1.wav,cry,1.0000
d6cda191-4962-4308-9a36-46d5648a95ed-1426942891562-1.4-f-48-dc_part2.wav,cry,0.9977
d6cda191-4962-4308-9a36-46d5648a95ed-1426942891562-1.4-f-48-dc_part3.wav,cry,0.9999
d6cda191-4962-4308-9a36-46d5648a95ed-1430640304482-1.7-m-04-hu_part3.wav,cry,1.0000
d6cda191-4962-4308-9a36-46d5648a95ed-1431086262776-1.7-m-04-ch_part2.wav,cry,1.0000
d6cda191-4962-4308-9a36-46d5648a95ed-1431587887997-1.7-m-04-ti_part4.wav,cry,1.0000
d6cda191-4962-4308-9a36-46d5648a95ed-1431616581736-1.7-m-04-ti_part3.wav,cry,1.0000
d6cda191-4962-4308-9a36-46d5648a95ed-1431700390946-1.7-m-04-bp_part4.wav,cry,1.0000
d6cda191-4962-4308-9a36-46d5648a95ed-1431882032820-1.7-m-04-hu_part1.wav,cry,0.9999
d6cda191-4962-4308-9a36-46d5648a95ed-1431882043380-1.7-m-04-hu_part3.wav,cry,1.0000
d79affbc-f7b4-4ef0-ae57-be5da4b827bf-1430761528998-1.7-m-72-hu_part2.wav,not_cry,0.7790
D833237F-1F7C-4338-BEDE-84C0CF5F4145-1430083995-1.0-f-26-hu_part1.wav,cry,0.9980
D833237F-1F7C-4338-BEDE-84C0CF5F4145-1430083995-1.0-f-26-hu_part2.wav,cry,0.9996
D833237F-1F7C-4338-BEDE-84C0CF5F4145-1430083995-1.0-f-26-hu_part5.wav,cry,0.9992
D833237F-1F7C-4338-BEDE-84C0CF5F4145-1430084007-1.0-f-26-hu_part5.wav,cry,1.0000
DB95BF4A-E3E5-4429-A660-DBBCF486E6DF-1430664633-1.0-f-72-hu_part1.wav,cry,0.9480
dc5429de-26b4-48e2-bc47-bc607b9bba06-1430741828918-1.7-f-72-hu_part2.wav,cry,1.0000
DCB33551-F9BA-4B4A-8DA1-A3107E1AD859-1430406495-1.0-m-04-hu_part2.wav,cry,1.0000
e0cc5beb-50e5-46ef-852e-c92106216e62-1430143334661-1.7-m-04-hu_part3.wav,cry,1.0000
e0cc5beb-50e5-46ef-852e-c92106216e62-1430143334661-1.7-m-04-hu_part4.wav,cry,1.0000
e1e640e2-78cb-4cb7-9ccc-93813bfc251c-1430738640598-1.7-m-72-hu_part3.wav,cry,0.9999
e1e640e2-78cb-4cb7-9ccc-93813bfc251c-1430738652322-1.7-m-72-hu_part4.wav,cry,1.0000
E2C4BCE0-99FD-49EC-8AB1-5EA5DF7DD8C5-1430042952-1.0-m-04-hu_part3.wav,cry,0.9999
e37c323c-0edb-4942-be47-3cc0b2de00a1-1434392936735-1.7-f-26-hu_part4.wav,cry,0.9999
e4051e62-d21d-4bb8-a235-fd7e859ad787-1430739655763-1.7-m-04-hu_part1.wav,cry,1.0000
EC2E1160-BC33-450A-A62D-DE2A4C0D42BB-1430039051-1.0-f-48-hu_part4.wav,cry,1.0000
ed31b187-34af-4ff1-979c-3b8a5905fb7b-1430044808480-1.7-m-04-hu_part1.wav,cry,1.0000
ed31b187-34af-4ff1-979c-3b8a5905fb7b-1430044853892-1.7-f-04-hu_part4.wav,cry,1.0000
ed31b187-34af-4ff1-979c-3b8a5905fb7b-1430045366784-1.7-f-04-hu_part1.wav,cry,1.0000
edb5924c-07ba-4eaa-838b-aaf9511a219b-1431894189631-1.7-m-48-hu_part2.wav,cry,1.0000
efd13da0-d40e-48bc-b14e-dee28af4d3c6-1430728179252-1.7-m-22-hu_part4.wav,cry,0.9519
F1AF5794-AD3B-4181-B010-AB835E5BDA64-1430441342-1.0-m-72-hu_part1.wav,cry,1.0000
F24DE44B-762C-4149-AC92-96A5E57ED118-1430816936-1.0-m-04-hu_part5.wav,cry,1.0000
F24DE44B-762C-4149-AC92-96A5E57ED118-1430816949-1.0-m-04-bu_part5.wav,cry,1.0000
F2F97740-D638-4B6F-9E09-3AC65F06B448-1436849335-1.1-f-48-hu_part2.wav,cry,0.8972
F2F97740-D638-4B6F-9E09-3AC65F06B448-1436849335-1.1-f-48-hu_part3.wav,not_cry,0.8147
F3BAEDDA-CDC0-4A65-90EE-5C372CEE4F3B-1437012044-1.1-m-26-hu_part4.wav,cry,1.0000
F4A0C710-AC2D-42E0-8EA9-3E4CAC31EE20-1430318390-1.0-m-04-hu_part2.wav,cry,1.0000
F4A65A98-ADEE-49C4-9B45-65A8429DF170-1430232330-1.0-m-72-hu_part5.wav,cry,1.0000
f5b29377-7cd6-4688-942c-5a07add39dc5-1437480263225-1.7-f-26-dc_part1.wav,cry,1.0000
F6C6D3EE-F139-48A4-9EAC-0A50EB011CDC-1430103957-1.0-m-04-hu_part2.wav,cry,0.9999
F950E7E3-A1A5-4A01-99F4-9B155C3C6606-1430305696-1.0-m-72-hu_part3.wav,cry,1.0000
F95D4BCE-2FB0-4A0C-A058-BFB0674539AF-1430055800-1.0-m-26-hu_part2.wav,cry,1.0000
FAE74A94-9968-43ED-958C-50D7C4C1F13C-1430770871-1.0-f-22-hu_part4.wav,cry,0.9993
FF2CD2F6-404D-4626-8718-6E6C751F63B8-1431104360-1.0-m-04-hu_part1.wav,cry,0.9997
FF2CD2F6-404D-4626-8718-6E6C751F63B8-1431104360-1.0-m-04-hu_part2.wav,cry,0.9999
FF482278-24C9-4FB0-A7BE-FD92D1FE17B4-1430028319-1.0-m-26-hu_part4.wav,cry,1.0000
hug_0_part1.wav,cry,1.0000
hug_0_part20.wav,cry,1.0000
hug_0_part4.wav,cry,1.0000
hug_100_part10.wav,cry,1.0000
hug_100_part2.wav,cry,1.0000
hug_101_part11.wav,cry,1.0000
hug_101_part3.wav,cry,1.0000
hug_101_part8.wav,cry,1.0000
hug_102_part2.wav,cry,0.9995
hug_102_part6.wav,cry,0.9999
hug_103_part8.wav,cry,1.0000
hug_104_part10.wav,cry,1.0000
hug_104_part14.wav,cry,0.9998
hug_104_part16.wav,cry,1.0000
hug_104_part3.wav,cry,1.0000
hug_104_part7.wav,cry,1.0000
hug_105_part13.wav,cry,0.7018
hug_105_part2.wav,cry,1.0000
hug_106_part4.wav,cry,1.0000
hug_106_part9.wav,cry,0.8298
hug_107_part18.wav,cry,0.9958
hug_107_part19.wav,cry,0.9545
hug_108_part14.wav,cry,1.0000
hug_108_part19.wav,cry,1.0000
hug_108_part3.wav,cry,1.0000
hug_108_part8.wav,cry,1.0000
hug_109_part4.wav,cry,0.9997
hug_109_part5.wav,cry,0.9990
hug_109_part6.wav,cry,0.9990
hug_10_part13.wav,cry,1.0000
hug_10_part15.wav,cry,1.0000
hug_10_part19.wav,cry,0.9123
hug_10_part4.wav,cry,1.0000
hug_110_part18.wav,cry,1.0000
hug_111_part1.wav,cry,0.9998
hug_111_part8.wav,cry,1.0000
hug_112_part2.wav,cry,1.0000
hug_113_part6.wav,cry,1.0000
hug_114_part15.wav,cry,1.0000
hug_114_part17.wav,cry,1.0000
hug_114_part3.wav,cry,1.0000
hug_114_part6.wav,cry,1.0000
hug_114_part8.wav,cry,0.9904
hug_115_part12.wav,cry,1.0000
hug_115_part13.wav,cry,1.0000
hug_116_part10.wav,cry,1.0000
hug_116_part12.wav,cry,1.0000
hug_116_part14.wav,cry,1.0000
hug_116_part17.wav,cry,1.0000
hug_117_part3.wav,cry,1.0000
hug_118_part6.wav,cry,1.0000
hug_119_part11.wav,cry,0.9996
hug_119_part2.wav,cry,1.0000
hug_119_part6.wav,cry,1.0000
hug_119_part9.wav,cry,1.0000
hug_11_part14.wav,cry,1.0000
hug_11_part8.wav,cry,1.0000
hug_120_part13.wav,cry,1.0000
hug_120_part14.wav,cry,1.0000
hug_120_part3.wav,cry,0.9999
hug_120_part4.wav,cry,1.0000
hug_120_part7.wav,cry,1.0000
hug_122_part9.wav,cry,0.9998
hug_123_part1.wav,cry,1.0000
hug_123_part5.wav,cry,0.9990
hug_124_part15.wav,cry,1.0000
hug_124_part18.wav,cry,1.0000
hug_124_part20.wav,cry,0.9999
hug_124_part21.wav,cry,1.0000
hug_124_part23.wav,cry,0.9997
hug_125_part17.wav,cry,1.0000
hug_125_part2.wav,cry,1.0000
hug_125_part3.wav,cry,1.0000
hug_125_part5.wav,cry,1.0000
hug_125_part9.wav,cry,1.0000
hug_127_part4.wav,cry,1.0000
hug_127_part9.wav,cry,1.0000
hug_128_part11.wav,cry,1.0000
hug_128_part3.wav,cry,1.0000
hug_129_part11.wav,cry,1.0000
hug_129_part20.wav,cry,0.9999
hug_129_part25.wav,not_cry,0.9137
hug_129_part27.wav,cry,0.9992
hug_129_part29.wav,cry,0.9895
hug_129_part31.wav,cry,0.9316
hug_12_part13.wav,cry,0.9998
hug_12_part4.wav,cry,0.9993
hug_12_part7.wav,cry,1.0000
hug_130_part14.wav,cry,1.0000
hug_130_part16.wav,not_cry,0.7651
hug_130_part9.wav,cry,0.9962
hug_131_part2.wav,cry,1.0000
hug_132_part10.wav,cry,1.0000
hug_132_part11.wav,cry,1.0000
hug_132_part17.wav,cry,1.0000
hug_132_part2.wav,cry,0.9999
hug_133_part15.wav,cry,1.0000
hug_133_part18.wav,cry,1.0000
hug_133_part4.wav,cry,1.0000
hug_134_part22.wav,cry,1.0000
hug_134_part3.wav,cry,1.0000
hug_134_part9.wav,cry,1.0000
hug_135_part19.wav,cry,1.0000
hug_135_part3.wav,cry,1.0000
hug_135_part4.wav,cry,1.0000
hug_135_part5.wav,cry,0.9997
hug_135_part7.wav,cry,0.9888
hug_136_part6.wav,cry,1.0000
hug_136_part9.wav,cry,1.0000
hug_138_part11.wav,cry,1.0000
hug_138_part21.wav,cry,1.0000
hug_138_part7.wav,cry,1.0000
hug_139_part8.wav,cry,0.9999
hug_139_part9.wav,cry,1.0000
hug_13_part1.wav,cry,0.9999
hug_13_part15.wav,cry,1.0000
hug_13_part18.wav,cry,1.0000
hug_13_part24.wav,cry,1.0000
hug_13_part4.wav,cry,1.0000
hug_13_part7.wav,cry,0.9994
hug_13_part8.wav,cry,0.9997
hug_140_part12.wav,cry,1.0000
hug_140_part13.wav,cry,1.0000
hug_140_part18.wav,cry,1.0000
hug_140_part19.wav,cry,1.0000
hug_140_part4.wav,cry,1.0000
hug_140_part7.wav,cry,1.0000
hug_141_part2.wav,cry,1.0000
hug_141_part3.wav,cry,1.0000
hug_141_part9.wav,cry,1.0000
hug_142_part11.wav,cry,1.0000
hug_142_part13.wav,cry,1.0000
hug_142_part3.wav,cry,0.9999
hug_142_part5.wav,cry,0.9880
hug_143_part5.wav,cry,1.0000
hug_144_part1.wav,cry,0.9872
hug_144_part11.wav,cry,1.0000
hug_144_part19.wav,cry,1.0000
hug_144_part4.wav,cry,0.9990
hug_144_part7.wav,cry,0.9998
hug_145_part11.wav,cry,1.0000
hug_145_part13.wav,cry,1.0000
hug_145_part15.wav,cry,1.0000
hug_145_part7.wav,cry,1.0000
hug_145_part8.wav,cry,1.0000
hug_146_part10.wav,cry,1.0000
hug_146_part11.wav,cry,1.0000
hug_146_part12.wav,cry,1.0000
hug_147_part10.wav,cry,0.9935
hug_147_part14.wav,cry,1.0000
hug_147_part8.wav,cry,0.9984
hug_149_part16.wav,cry,0.9879
hug_149_part28.wav,cry,0.9998
hug_149_part6.wav,cry,1.0000
hug_14_part12.wav,cry,1.0000
hug_14_part13.wav,cry,1.0000
hug_14_part4.wav,cry,1.0000
hug_14_part6.wav,cry,1.0000
hug_14_part7.wav,cry,1.0000
hug_150_part11.wav,cry,1.0000
hug_150_part13.wav,cry,1.0000
hug_150_part16.wav,cry,0.9999
hug_150_part18.wav,cry,1.0000
hug_150_part19.wav,cry,1.0000
hug_152_part1.wav,cry,0.9999
hug_152_part12.wav,cry,1.0000
hug_152_part7.wav,cry,0.9979
hug_153_part14.wav,cry,0.9994
hug_155_part12.wav,cry,0.9980
hug_155_part3.wav,not_cry,0.6937
hug_155_part6.wav,cry,0.9965
hug_156_part12.wav,cry,1.0000
hug_156_part13.wav,cry,1.0000
hug_156_part16.wav,cry,0.9546
hug_156_part18.wav,cry,1.0000
hug_158_part3.wav,cry,1.0000
hug_159_part12.wav,cry,1.0000
hug_159_part9.wav,cry,0.9999
hug_15_part5.wav,cry,0.7462
hug_15_part8.wav,cry,0.9999
hug_16_part12.wav,cry,1.0000
hug_16_part3.wav,cry,1.0000
hug_17_part21.wav,cry,1.0000
hug_17_part7.wav,cry,1.0000
hug_18_part4.wav,cry,0.9753
hug_19_part15.wav,cry,1.0000
hug_19_part2.wav,cry,1.0000
hug_19_part6.wav,cry,0.9996
hug_20_part12.wav,cry,1.0000
hug_20_part15.wav,cry,1.0000
hug_20_part3.wav,cry,1.0000
hug_20_part6.wav,cry,1.0000
hug_21_part3.wav,cry,0.9996
hug_21_part4.wav,cry,0.9890
hug_21_part6.wav,cry,0.9972
hug_22_part9.wav,cry,0.9999
hug_23_part8.wav,cry,1.0000
hug_24_part11.wav,cry,0.9998
hug_25_part2.wav,cry,1.0000
hug_25_part20.wav,cry,1.0000
hug_25_part8.wav,cry,1.0000
hug_26_part12.wav,cry,1.0000
hug_26_part4.wav,cry,0.9994
hug_27_part12.wav,cry,0.9999
hug_27_part14.wav,cry,1.0000
hug_27_part2.wav,cry,0.9999
hug_27_part23.wav,cry,1.0000
hug_27_part5.wav,cry,1.0000
hug_28_part10.wav,cry,1.0000
hug_28_part13.wav,cry,1.0000
hug_28_part5.wav,cry,0.9999
hug_29_part11.wav,cry,1.0000
hug_29_part13.wav,cry,1.0000
hug_29_part3.wav,cry,0.9998
hug_30_part12.wav,cry,1.0000
hug_30_part13.wav,cry,1.0000
hug_30_part17.wav,cry,0.9999
hug_30_part18.wav,cry,0.9994
hug_30_part20.wav,not_cry,0.6690
hug_30_part4.wav,cry,1.0000
hug_30_part6.wav,cry,0.9990
hug_30_part8.wav,cry,0.9992
hug_31_part1.wav,cry,1.0000
hug_31_part15.wav,cry,0.9999
hug_32_part11.wav,cry,1.0000
hug_32_part12.wav,cry,0.9999
hug_32_part4.wav,cry,1.0000
hug_32_part8.wav,cry,1.0000
hug_33_part3.wav,cry,1.0000
hug_33_part6.wav,cry,1.0000
hug_33_part7.wav,cry,1.0000
hug_34_part2.wav,cry,1.0000
hug_34_part6.wav,cry,1.0000
hug_34_part9.wav,cry,1.0000
hug_35_part6.wav,cry,0.9993
hug_35_part8.wav,cry,0.9887
hug_36_part1.wav,cry,0.9995
hug_36_part10.wav,cry,1.0000
hug_36_part11.wav,cry,1.0000
hug_36_part19.wav,cry,1.0000
hug_36_part4.wav,cry,0.9999
hug_36_part6.wav,cry,0.9994
hug_37_part11.wav,cry,1.0000
hug_37_part6.wav,cry,1.0000
hug_38_part17.wav,cry,0.9995
hug_38_part18.wav,cry,1.0000
hug_38_part19.wav,cry,1.0000
hug_38_part5.wav,cry,1.0000
hug_38_part6.wav,cry,1.0000
hug_39_part15.wav,cry,1.0000
hug_39_part17.wav,cry,1.0000
hug_39_part2.wav,cry,0.9998
hug_39_part6.wav,cry,1.0000
hug_3_part10.wav,cry,1.0000
hug_3_part11.wav,cry,1.0000
hug_40_part2.wav,cry,1.0000
hug_40_part8.wav,cry,1.0000
hug_41_part9.wav,cry,0.9999
hug_42_part5.wav,cry,1.0000
hug_43_part6.wav,cry,0.9998
hug_44_part26.wav,cry,1.0000
hug_44_part29.wav,not_cry,0.9518
hug_44_part9.wav,cry,1.0000
hug_45_part3.wav,cry,1.0000
hug_46_part10.wav,cry,0.9990
hug_47_part17.wav,cry,0.9908
hug_47_part20.wav,cry,0.9994
hug_47_part21.wav,cry,0.9995
hug_47_part5.wav,cry,1.0000
hug_48_part13.wav,cry,1.0000
hug_48_part5.wav,cry,0.9960
hug_49_part1.wav,cry,0.9999
hug_49_part12.wav,cry,0.9947
hug_4_part12.wav,cry,1.0000
hug_4_part23.wav,cry,1.0000
hug_4_part3.wav,cry,1.0000
hug_4_part5.wav,cry,1.0000
hug_50_part1.wav,cry,1.0000
hug_50_part15.wav,cry,1.0000
hug_50_part16.wav,cry,1.0000
hug_50_part6.wav,cry,1.0000
hug_51_part14.wav,cry,1.0000
hug_51_part18.wav,cry,1.0000
hug_51_part19.wav,cry,0.9999
hug_51_part2.wav,cry,1.0000
hug_52_part12.wav,cry,1.0000
hug_53_part1.wav,cry,0.9989
hug_53_part10.wav,cry,1.0000
hug_53_part5.wav,cry,1.0000
hug_53_part6.wav,cry,1.0000
hug_54_part10.wav,cry,1.0000
hug_54_part11.wav,cry,1.0000
hug_54_part13.wav,cry,1.0000
hug_54_part19.wav,cry,1.0000
hug_54_part2.wav,cry,0.9994
hug_54_part20.wav,cry,1.0000
hug_54_part3.wav,cry,0.9868
hug_54_part9.wav,cry,0.9952
hug_55_part14.wav,cry,0.9990
hug_55_part4.wav,cry,1.0000
hug_56_part1.wav,cry,1.0000
hug_56_part8.wav,cry,1.0000
hug_57_part1.wav,cry,1.0000
hug_57_part11.wav,cry,0.9994
hug_58_part3.wav,cry,0.9954
hug_58_part9.wav,cry,0.9993
hug_59_part12.wav,cry,1.0000
hug_59_part13.wav,cry,1.0000
hug_59_part14.wav,cry,1.0000
hug_5_part1.wav,cry,0.9997
hug_5_part5.wav,cry,1.0000
hug_60_part12.wav,cry,1.0000
hug_60_part5.wav,cry,0.9998
hug_62_part8.wav,cry,1.0000
hug_63_part2.wav,cry,0.9999
hug_63_part6.wav,cry,1.0000
hug_64_part3.wav,cry,0.9963
hug_64_part9.wav,cry,0.9942
hug_65_part15.wav,cry,1.0000
hug_65_part7.wav,cry,1.0000
hug_66_part11.wav,cry,0.9999
hug_66_part3.wav,cry,0.9995
hug_66_part5.wav,cry,1.0000
hug_66_part8.wav,not_cry,0.6359
hug_67_part15.wav,cry,1.0000
hug_67_part7.wav,cry,0.9987
hug_68_part10.wav,cry,1.0000
hug_69_part12.wav,cry,1.0000
hug_6_part1.wav,cry,0.9999
hug_6_part3.wav,cry,0.9997
hug_6_part4.wav,cry,1.0000
hug_6_part8.wav,cry,0.9996
hug_70_part14.wav,cry,0.9999
hug_71_part12.wav,cry,1.0000
hug_72_part14.wav,cry,0.9999
hug_72_part4.wav,cry,1.0000
hug_73_part15.wav,cry,1.0000
hug_73_part22.wav,cry,1.0000
hug_73_part6.wav,cry,0.9998
hug_74_part10.wav,cry,0.9999
hug_74_part11.wav,cry,1.0000
hug_74_part12.wav,cry,1.0000
hug_74_part13.wav,cry,1.0000
hug_74_part6.wav,cry,1.0000
hug_75_part10.wav,cry,1.0000
hug_75_part7.wav,cry,0.9997
hug_76_part10.wav,cry,1.0000
hug_76_part4.wav,cry,0.9996
hug_76_part8.wav,cry,1.0000
hug_77_part13.wav,not_cry,0.9206
hug_77_part8.wav,cry,0.9937
hug_78_part1.wav,cry,1.0000
hug_78_part6.wav,cry,1.0000
hug_79_part5.wav,cry,1.0000
hug_79_part8.wav,cry,0.9997
hug_79_part9.wav,cry,0.9998
hug_80_part1.wav,cry,0.9999
hug_80_part14.wav,cry,0.9998
hug_80_part3.wav,cry,0.9999
hug_80_part6.wav,cry,1.0000
hug_81_part12.wav,cry,1.0000
hug_82_part3.wav,cry,1.0000
hug_83_part4.wav,cry,0.9992
hug_83_part9.wav,cry,0.9994
hug_84_part10.wav,cry,0.9999
hug_84_part12.wav,cry,1.0000
hug_84_part14.wav,cry,0.9995
hug_84_part19.wav,cry,1.0000
hug_84_part2.wav,cry,1.0000
hug_84_part23.wav,cry,0.9997
hug_84_part4.wav,cry,1.0000
hug_84_part5.wav,cry,0.9999
hug_85_part4.wav,cry,1.0000
hug_85_part8.wav,cry,1.0000
hug_85_part9.wav,cry,1.0000
hug_86_part3.wav,cry,1.0000
hug_86_part8.wav,cry,0.9719
hug_87_part4.wav,not_cry,0.9254
hug_87_part9.wav,cry,1.0000
hug_88_part1.wav,cry,0.9999
hug_88_part13.wav,cry,1.0000
hug_89_part1.wav,not_cry,0.9825
hug_89_part12.wav,cry,0.9220
hug_89_part7.wav,cry,0.9998
hug_8_part8.wav,cry,1.0000
hug_90_part5.wav,cry,1.0000
hug_91_part13.wav,cry,0.9999
hug_91_part5.wav,cry,1.0000
hug_92_part2.wav,cry,1.0000
hug_92_part8.wav,cry,1.0000
hug_93_part18.wav,cry,0.9987
hug_93_part24.wav,cry,1.0000
hug_93_part6.wav,cry,0.9857
hug_94_part11.wav,cry,1.0000
hug_94_part12.wav,cry,1.0000
hug_94_part4.wav,cry,1.0000
hug_94_part8.wav,cry,1.0000
hug_94_part9.wav,cry,1.0000
hug_95_part1.wav,cry,0.9992
hug_95_part7.wav,not_cry,0.9379
hug_96_part12.wav,cry,0.9999
hug_96_part9.wav,cry,0.9965
hug_97_part10.wav,cry,0.9947
hug_97_part11.wav,cry,0.9990
hug_97_part13.wav,cry,1.0000
hug_98_part12.wav,cry,1.0000
hug_98_part22.wav,cry,0.9996
hug_98_part7.wav,cry,1.0000
hug_99_part15.wav,cry,0.9921
hug_99_part7.wav,cry,0.9970
hug_9_part2.wav,cry,1.0000
hug_9_part3.wav,cry,1.0000
hungry_0_part10.wav,cry,0.9999
hungry_0_part3.wav,cry,1.0000
hungry_0_part5.wav,cry,1.0000
hungry_100_part8.wav,cry,1.0000
hungry_100_part9.wav,cry,1.0000
hungry_101_part5.wav,cry,1.0000
hungry_102_part13.wav,cry,1.0000
hungry_103_part4.wav,cry,0.9884
hungry_104_part4.wav,cry,0.9998
hungry_104_part7.wav,cry,0.9981
hungry_106_part10.wav,cry,1.0000
hungry_106_part4.wav,cry,1.0000
hungry_108_part12.wav,cry,0.9994
hungry_109_part13.wav,cry,0.9998
hungry_10_part3.wav,cry,1.0000
hungry_10_part6.wav,not_cry,0.9776
hungry_10_part7.wav,not_cry,0.8557
hungry_110_part10.wav,cry,0.9996
hungry_110_part12.wav,cry,0.9994
hungry_110_part14.wav,not_cry,0.9995
hungry_110_part2.wav,cry,0.9999
hungry_111_part13.wav,cry,0.9999
hungry_111_part5.wav,cry,0.9823
hungry_111_part9.wav,cry,0.9999
hungry_112_part11.wav,cry,1.0000
hungry_112_part16.wav,cry,0.9987
hungry_113_part10.wav,cry,1.0000
hungry_113_part11.wav,cry,1.0000
hungry_113_part15.wav,cry,1.0000
hungry_113_part16.wav,cry,1.0000
hungry_113_part27.wav,cry,1.0000
hungry_113_part5.wav,cry,1.0000
hungry_114_part7.wav,cry,0.9916
hungry_115_part8.wav,cry,0.9997
hungry_116_part2.wav,cry,1.0000
hungry_116_part3.wav,cry,1.0000
hungry_116_part4.wav,cry,1.0000
hungry_116_part7.wav,cry,0.9981
hungry_117_part17.wav,cry,0.9991
hungry_117_part18.wav,cry,0.9999
hungry_117_part24.wav,cry,1.0000
hungry_117_part3.wav,cry,1.0000
hungry_117_part6.wav,cry,1.0000
hungry_118_part3.wav,cry,1.0000
hungry_118_part7.wav,cry,1.0000
hungry_11_part10.wav,cry,0.9999
hungry_11_part17.wav,cry,0.9999
hungry_11_part18.wav,cry,0.9999
hungry_11_part19.wav,cry,0.9999
hungry_11_part5.wav,cry,0.9984
hungry_11_part8.wav,cry,0.9984
hungry_120_part3.wav,cry,1.0000
hungry_120_part5.wav,cry,1.0000
hungry_121_part8.wav,cry,1.0000
hungry_122_part5.wav,cry,0.9871
hungry_122_part7.wav,cry,0.9999
hungry_122_part8.wav,cry,0.9980
hungry_124_part13.wav,cry,0.9939
hungry_125_part10.wav,cry,1.0000
hungry_125_part12.wav,cry,1.0000
hungry_125_part4.wav,cry,1.0000
hungry_126_part13.wav,cry,0.9996
hungry_126_part3.wav,cry,1.0000
hungry_126_part6.wav,cry,0.9999
hungry_127_part3.wav,cry,1.0000
hungry_128_part12.wav,cry,1.0000
hungry_128_part5.wav,cry,1.0000
hungry_129_part1.wav,cry,1.0000
hungry_129_part10.wav,cry,1.0000
hungry_129_part5.wav,cry,1.0000
hungry_129_part8.wav,cry,1.0000
hungry_12_part11.wav,cry,1.0000
hungry_130_part13.wav,cry,0.9996
hungry_131_part10.wav,cry,0.9985
hungry_131_part3.wav,cry,0.9998
hungry_131_part8.wav,cry,1.0000
hungry_132_part1.wav,cry,0.9986
hungry_132_part15.wav,cry,0.9999
hungry_132_part17.wav,cry,1.0000
hungry_132_part6.wav,cry,1.0000
hungry_133_part1.wav,cry,0.9993
hungry_133_part6.wav,cry,1.0000
hungry_133_part7.wav,cry,1.0000
hungry_134_part14.wav,cry,1.0000
hungry_134_part7.wav,cry,1.0000
hungry_135_part13.wav,cry,0.9999
hungry_135_part16.wav,cry,0.9997
hungry_135_part5.wav,cry,1.0000
hungry_136_part18.wav,cry,0.9988
hungry_136_part19.wav,cry,0.9954
hungry_136_part2.wav,cry,0.9999
hungry_137_part12.wav,cry,0.9999
hungry_137_part2.wav,cry,1.0000
hungry_137_part6.wav,cry,1.0000
hungry_139_part10.wav,cry,1.0000
hungry_139_part11.wav,cry,1.0000
hungry_139_part15.wav,cry,1.0000
hungry_13_part10.wav,cry,0.9889
hungry_13_part11.wav,cry,0.9723
hungry_13_part4.wav,cry,0.9996
hungry_13_part9.wav,cry,0.9932
hungry_140_part1.wav,cry,1.0000
hungry_140_part10.wav,cry,1.0000
hungry_140_part11.wav,cry,1.0000
hungry_141_part11.wav,cry,0.9996
hungry_141_part16.wav,cry,0.7107
hungry_141_part17.wav,cry,0.9791
hungry_141_part23.wav,cry,0.9816
hungry_141_part3.wav,cry,1.0000
hungry_141_part4.wav,cry,0.9992
hungry_142_part2.wav,cry,0.9962
hungry_143_part14.wav,cry,0.9997
hungry_143_part6.wav,cry,0.9999
hungry_144_part14.wav,cry,0.9999
hungry_145_part1.wav,cry,1.0000
hungry_145_part4.wav,cry,1.0000
hungry_145_part5.wav,cry,1.0000
hungry_145_part7.wav,cry,1.0000
hungry_145_part8.wav,cry,0.9997
hungry_146_part13.wav,cry,1.0000
hungry_146_part17.wav,cry,0.9999
hungry_146_part3.wav,cry,1.0000
hungry_147_part1.wav,cry,1.0000
hungry_147_part10.wav,cry,1.0000
hungry_147_part7.wav,cry,0.9407
hungry_148_part12.wav,cry,0.9999
hungry_148_part15.wav,cry,0.9999
hungry_148_part2.wav,cry,0.9992
hungry_148_part4.wav,cry,0.9999
hungry_148_part5.wav,cry,0.9995
hungry_149_part6.wav,cry,1.0000
hungry_14_part13.wav,cry,0.9999
hungry_150_part11.wav,cry,0.9988
hungry_150_part12.wav,cry,0.9996
hungry_150_part2.wav,cry,0.9986
hungry_150_part4.wav,cry,1.0000
hungry_151_part10.wav,cry,0.9225
hungry_151_part2.wav,cry,0.9860
hungry_151_part7.wav,cry,1.0000
hungry_152_part15.wav,cry,1.0000
hungry_152_part7.wav,cry,1.0000
hungry_153_part2.wav,cry,1.0000
hungry_153_part6.wav,cry,1.0000
hungry_154_part12.wav,cry,1.0000
hungry_154_part2.wav,cry,1.0000
hungry_154_part8.wav,cry,1.0000
hungry_156_part8.wav,cry,0.9998
hungry_156_part9.wav,cry,0.9998
hungry_157_part20.wav,cry,1.0000
hungry_157_part24.wav,cry,1.0000
hungry_157_part5.wav,cry,1.0000
hungry_158_part11.wav,cry,0.9999
hungry_158_part4.wav,cry,1.0000
hungry_158_part7.wav,cry,0.9999
hungry_159_part18.wav,cry,1.0000
hungry_159_part22.wav,cry,0.9996
hungry_159_part9.wav,cry,0.9995
hungry_15_part4.wav,cry,0.9985
hungry_15_part5.wav,cry,0.9993
hungry_16_part12.wav,cry,0.9999
hungry_16_part7.wav,cry,1.0000
hungry_16_part8.wav,cry,1.0000
hungry_16_part9.wav,cry,1.0000
hungry_17_part1.wav,cry,0.9989
hungry_17_part8.wav,cry,0.9998
hungry_18_part2.wav,cry,1.0000
hungry_19_part8.wav,cry,1.0000
hungry_1_part14.wav,cry,0.9710
hungry_1_part6.wav,cry,1.0000
hungry_20_part11.wav,cry,1.0000
hungry_21_part1.wav,cry,0.9988
hungry_21_part11.wav,cry,0.9854
hungry_21_part3.wav,cry,0.9973
hungry_21_part4.wav,cry,0.9926
hungry_21_part5.wav,cry,0.9996
hungry_22_part13.wav,cry,0.9996
hungry_22_part8.wav,cry,0.9994
hungry_22_part9.wav,cry,0.9989
hungry_23_part12.wav,cry,1.0000
hungry_24_part1.wav,cry,1.0000
hungry_25_part2.wav,cry,1.0000
hungry_26_part16.wav,cry,0.9995
hungry_28_part14.wav,cry,1.0000
hungry_29_part1.wav,cry,0.9999
hungry_29_part13.wav,cry,0.9994
hungry_29_part6.wav,cry,0.9995
hungry_2_part7.wav,cry,1.0000
hungry_30_part4.wav,cry,0.5329
hungry_30_part7.wav,cry,0.9998
hungry_31_part9.wav,cry,1.0000
hungry_32_part6.wav,cry,0.9986
hungry_32_part7.wav,cry,0.9998
hungry_33_part10.wav,cry,0.9999
hungry_33_part11.wav,cry,1.0000
hungry_33_part8.wav,cry,1.0000
hungry_34_part13.wav,cry,1.0000
hungry_34_part16.wav,cry,0.9996
hungry_34_part6.wav,cry,0.9956
hungry_35_part3.wav,cry,1.0000
hungry_36_part11.wav,cry,0.9999
hungry_36_part12.wav,cry,1.0000
hungry_39_part2.wav,cry,0.9971
hungry_39_part6.wav,cry,0.9988
hungry_3_part10.wav,cry,0.9990
hungry_3_part11.wav,cry,1.0000
hungry_3_part13.wav,cry,1.0000
hungry_3_part7.wav,cry,1.0000
hungry_3_part9.wav,cry,1.0000
hungry_40_part11.wav,cry,1.0000
hungry_40_part13.wav,cry,0.9992
hungry_40_part6.wav,cry,1.0000
hungry_41_part1.wav,cry,1.0000
hungry_41_part7.wav,cry,1.0000
hungry_41_part9.wav,cry,1.0000
hungry_43_part4.wav,cry,0.9994
hungry_44_part1.wav,cry,0.9985
hungry_44_part10.wav,cry,0.9999
hungry_44_part2.wav,cry,0.9997
hungry_44_part3.wav,cry,0.9999
hungry_44_part9.wav,cry,0.9998
hungry_45_part1.wav,cry,0.9999
hungry_45_part12.wav,cry,0.9997
hungry_45_part18.wav,cry,1.0000
hungry_45_part9.wav,cry,0.9999
hungry_46_part14.wav,cry,1.0000
hungry_46_part15.wav,cry,1.0000
hungry_46_part5.wav,cry,1.0000
hungry_46_part8.wav,cry,0.9999
hungry_46_part9.wav,cry,0.9995
hungry_47_part1.wav,cry,0.9990
hungry_47_part13.wav,cry,1.0000
hungry_47_part15.wav,cry,0.9995
hungry_47_part8.wav,cry,0.9999
hungry_47_part9.wav,cry,0.9983
hungry_48_part15.wav,cry,1.0000
hungry_48_part16.wav,cry,1.0000
hungry_48_part8.wav,cry,1.0000
hungry_4_part23.wav,cry,1.0000
hungry_4_part9.wav,cry,0.9997
hungry_50_part11.wav,cry,1.0000
hungry_50_part3.wav,cry,0.9999
hungry_50_part9.wav,cry,0.9997
hungry_51_part10.wav,cry,1.0000
hungry_51_part3.wav,cry,0.9955
hungry_51_part5.wav,cry,0.9998
hungry_52_part11.wav,cry,0.9993
hungry_52_part12.wav,cry,0.9994
hungry_52_part6.wav,cry,0.9996
hungry_53_part8.wav,cry,1.0000
hungry_54_part3.wav,cry,0.9999
hungry_54_part7.wav,cry,0.9873
hungry_55_part11.wav,cry,1.0000
hungry_55_part13.wav,cry,0.9994
hungry_55_part6.wav,cry,0.9998
hungry_55_part7.wav,cry,0.9598
hungry_56_part10.wav,cry,1.0000
hungry_56_part16.wav,cry,0.9983
hungry_56_part8.wav,cry,1.0000
hungry_57_part12.wav,cry,0.9993
hungry_57_part13.wav,cry,0.9994
hungry_57_part2.wav,cry,0.9999
hungry_58_part10.wav,cry,0.9999
hungry_58_part11.wav,cry,1.0000
hungry_58_part3.wav,cry,0.9920
hungry_58_part7.wav,cry,1.0000
hungry_59_part14.wav,cry,1.0000
hungry_59_part4.wav,cry,0.9750
hungry_59_part9.wav,cry,0.9999
hungry_5_part12.wav,cry,0.9985
hungry_5_part2.wav,cry,0.9992
hungry_60_part1.wav,cry,1.0000
hungry_60_part8.wav,cry,1.0000
hungry_61_part9.wav,cry,0.9983
hungry_62_part1.wav,cry,1.0000
hungry_62_part12.wav,cry,0.9999
hungry_62_part2.wav,cry,1.0000
hungry_62_part5.wav,cry,1.0000
hungry_62_part8.wav,cry,1.0000
hungry_63_part12.wav,cry,1.0000
hungry_63_part14.wav,cry,0.9999
hungry_63_part5.wav,cry,1.0000
hungry_64_part13.wav,not_cry,0.9097
hungry_64_part4.wav,cry,0.9999
hungry_65_part11.wav,cry,1.0000
hungry_65_part6.wav,cry,1.0000
hungry_65_part9.wav,cry,1.0000
hungry_66_part2.wav,cry,0.9999
hungry_67_part2.wav,cry,0.9783
hungry_68_part1.wav,cry,0.9997
hungry_68_part12.wav,cry,0.9999
hungry_68_part13.wav,cry,0.9976
hungry_68_part8.wav,cry,0.9996
hungry_68_part9.wav,cry,0.9994
hungry_69_part12.wav,cry,1.0000
hungry_69_part2.wav,not_cry,0.9787
hungry_69_part3.wav,not_cry,0.6436
hungry_69_part7.wav,cry,1.0000
hungry_6_part13.wav,cry,1.0000
hungry_6_part3.wav,cry,0.9995
hungry_6_part5.wav,cry,1.0000
hungry_6_part6.wav,cry,1.0000
hungry_71_part10.wav,cry,1.0000
hungry_71_part12.wav,cry,1.0000
hungry_71_part14.wav,cry,1.0000
hungry_71_part17.wav,cry,0.9996
hungry_71_part4.wav,cry,1.0000
hungry_71_part6.wav,cry,0.9998
hungry_72_part4.wav,cry,1.0000
hungry_72_part5.wav,cry,1.0000
hungry_72_part7.wav,cry,1.0000
hungry_73_part3.wav,cry,0.9998
hungry_73_part4.wav,cry,0.9998
hungry_74_part1.wav,cry,1.0000
hungry_74_part11.wav,cry,1.0000
hungry_74_part3.wav,cry,1.0000
hungry_74_part7.wav,cry,1.0000
hungry_74_part9.wav,cry,1.0000
hungry_75_part16.wav,cry,0.9999
hungry_75_part9.wav,cry,1.0000
hungry_76_part12.wav,cry,0.9981
hungry_78_part12.wav,cry,1.0000
hungry_78_part14.wav,cry,0.9998
hungry_78_part6.wav,cry,0.9999
hungry_78_part9.wav,cry,1.0000
hungry_7_part13.wav,cry,1.0000
hungry_7_part5.wav,cry,1.0000
hungry_80_part14.wav,cry,0.9998
hungry_80_part17.wav,cry,0.9999
hungry_80_part8.wav,cry,1.0000
hungry_82_part10.wav,cry,0.9723
hungry_82_part5.wav,cry,0.6872
hungry_83_part18.wav,cry,1.0000
hungry_83_part9.wav,cry,1.0000
hungry_84_part5.wav,cry,0.9999
hungry_84_part8.wav,cry,1.0000
hungry_85_part2.wav,cry,0.9791
hungry_85_part9.wav,cry,0.9992
hungry_87_part10.wav,cry,0.9999
hungry_87_part14.wav,cry,0.9196
hungry_87_part7.wav,cry,1.0000
hungry_88_part4.wav,cry,1.0000
hungry_89_part1.wav,cry,1.0000
hungry_89_part12.wav,cry,0.9990
hungry_89_part4.wav,cry,0.9997
hungry_89_part7.wav,not_cry,0.5512
hungry_8_part3.wav,cry,1.0000
hungry_90_part8.wav,cry,1.0000
hungry_91_part1.wav,cry,1.0000
hungry_91_part11.wav,cry,1.0000
hungry_92_part7.wav,cry,1.0000
hungry_93_part12.wav,cry,1.0000
hungry_93_part13.wav,cry,1.0000
hungry_94_part12.wav,cry,1.0000
hungry_94_part3.wav,cry,0.9994
hungry_94_part5.wav,cry,0.9972
hungry_96_part1.wav,cry,1.0000
hungry_96_part12.wav,cry,0.9997
hungry_96_part3.wav,cry,1.0000
hungry_96_part5.wav,cry,1.0000
hungry_96_part6.wav,cry,1.0000
hungry_97_part1.wav,cry,0.9986
hungry_97_part2.wav,cry,1.0000
hungry_98_part4.wav,cry,1.0000
hungry_99_part8.wav,cry,1.0000
hungry_9_part10.wav,cry,0.9999
hungry_9_part18.wav,cry,1.0000
hungry_9_part19.wav,cry,0.9999
hungry_9_part4.wav,cry,1.0000
hungry_9_part6.wav,cry,1.0000
hung_sugianto_minta_susu_13_part1.wav,cry,1.0000
hung_sugianto_minta_susu_14_part1.wav,cry,1.0000
hung_sugianto_minta_susu_21_part1.wav,cry,1.0000
hung_sugianto_minta_susu_22_part3.wav,cry,0.9995
hung_yasin_lapar_11_part1.wav,cry,0.9999
hung_yasin_lapar_14_part1.wav,cry,0.9972
hung_yasin_lapar_15_part1.wav,cry,0.9994
hung_yasin_lapar_21_part2.wav,cry,0.9959
hung_yasin_lapar_22_part2.wav,cry,0.9986
hung_yasin_lapar_22_part3.wav,cry,0.9877
hung_yasin_lapar_23_part2.wav,cry,0.9651
hung_yasin_lapar_25_part3.wav,cry,0.9978
hung_yudi_cari_puting_12_part1.wav,cry,0.9999
hung_yudi_cari_puting_15_part2.wav,not_cry,0.5953
hung_yudi_cari_puting_15_part3.wav,cry,0.9991
hung_yudi_puting_dilepas_11_part2.wav,cry,0.9980
hung_yudi_puting_dilepas_13_part2.wav,cry,0.9592
hung_yudi_puting_dilepas_14_part2.wav,cry,0.9886
sleepy_0_part7.wav,cry,0.9996
sleepy_0_part9.wav,cry,1.0000
sleepy_100_part12.wav,cry,1.0000
sleepy_100_part2.wav,cry,1.0000
sleepy_101_part1.wav,cry,0.9909
sleepy_101_part10.wav,cry,0.9829
sleepy_101_part14.wav,cry,0.9993
sleepy_104_part12.wav,cry,0.8645
sleepy_104_part2.wav,cry,0.9999
sleepy_105_part13.wav,cry,1.0000
sleepy_105_part4.wav,cry,1.0000
sleepy_106_part7.wav,cry,1.0000
sleepy_107_part8.wav,cry,0.9977
sleepy_108_part10.wav,cry,0.9992
sleepy_108_part6.wav,cry,0.9996
sleepy_108_part7.wav,cry,0.9998
sleepy_108_part8.wav,cry,0.9997
sleepy_108_part9.wav,cry,0.9952
sleepy_109_part14.wav,cry,1.0000
sleepy_109_part6.wav,cry,1.0000
sleepy_10_part14.wav,cry,1.0000
sleepy_10_part16.wav,cry,0.9999
sleepy_10_part7.wav,cry,1.0000
sleepy_110_part11.wav,cry,1.0000
sleepy_110_part4.wav,cry,1.0000
sleepy_110_part5.wav,cry,0.9999
sleepy_110_part6.wav,cry,1.0000
sleepy_110_part8.wav,cry,1.0000
sleepy_111_part11.wav,cry,1.0000
sleepy_111_part5.wav,cry,1.0000
sleepy_112_part12.wav,cry,0.9999
sleepy_112_part9.wav,cry,0.9987
sleepy_113_part15.wav,cry,1.0000
sleepy_115_part14.wav,cry,1.0000
sleepy_116_part4.wav,cry,1.0000
sleepy_116_part7.wav,cry,0.9994
sleepy_117_part12.wav,cry,1.0000
sleepy_118_part14.wav,cry,0.9994
sleepy_118_part2.wav,cry,1.0000
sleepy_119_part1.wav,cry,0.9998
sleepy_119_part7.wav,cry,0.9999
sleepy_11_part11.wav,cry,1.0000
sleepy_11_part3.wav,cry,0.9998
sleepy_11_part4.wav,cry,1.0000
sleepy_11_part8.wav,cry,0.9979
sleepy_120_part3.wav,cry,0.9997
sleepy_120_part8.wav,cry,0.9977
sleepy_122_part14.wav,cry,1.0000
sleepy_122_part7.wav,cry,0.9995
sleepy_124_part1.wav,cry,0.9999
sleepy_124_part10.wav,cry,1.0000
sleepy_124_part11.wav,cry,1.0000
sleepy_125_part3.wav,cry,1.0000
sleepy_126_part3.wav,cry,0.9998
sleepy_127_part10.wav,cry,1.0000
sleepy_127_part13.wav,cry,1.0000
sleepy_127_part2.wav,cry,1.0000
sleepy_128_part1.wav,cry,0.9998
sleepy_128_part10.wav,cry,0.9892
sleepy_128_part12.wav,cry,0.9875
sleepy_129_part5.wav,cry,0.9987
sleepy_130_part10.wav,cry,0.9954
sleepy_130_part11.wav,cry,0.9958
sleepy_131_part14.wav,cry,1.0000
sleepy_131_part15.wav,cry,1.0000
sleepy_131_part6.wav,cry,0.9990
sleepy_131_part8.wav,cry,1.0000
sleepy_132_part11.wav,cry,0.9991
sleepy_132_part3.wav,cry,1.0000
sleepy_134_part5.wav,cry,1.0000
sleepy_134_part8.wav,cry,0.9998
sleepy_135_part10.wav,cry,0.9978
sleepy_135_part18.wav,cry,1.0000
sleepy_138_part10.wav,cry,0.9998
sleepy_138_part12.wav,cry,1.0000
sleepy_138_part4.wav,cry,0.9999
sleepy_139_part1.wav,cry,1.0000
sleepy_141_part6.wav,cry,0.9654
sleepy_141_part7.wav,cry,0.9998
sleepy_143_part1.wav,cry,0.9999
sleepy_143_part12.wav,cry,1.0000
sleepy_143_part13.wav,cry,1.0000
sleepy_143_part9.wav,cry,1.0000
sleepy_14_part11.wav,cry,1.0000
sleepy_14_part12.wav,cry,1.0000
sleepy_14_part4.wav,cry,1.0000
sleepy_15_part1.wav,cry,0.9999
sleepy_15_part11.wav,cry,0.9998
sleepy_15_part2.wav,cry,1.0000
sleepy_15_part5.wav,cry,0.9999
sleepy_16_part13.wav,cry,1.0000
sleepy_16_part2.wav,cry,1.0000
sleepy_16_part4.wav,cry,1.0000
sleepy_16_part6.wav,cry,0.9999
sleepy_17_part4.wav,cry,0.9367
sleepy_18_part13.wav,cry,0.9999
sleepy_18_part7.wav,cry,1.0000
sleepy_1_part11.wav,cry,1.0000
sleepy_1_part12.wav,cry,0.9999
sleepy_1_part6.wav,cry,1.0000
sleepy_20_part10.wav,cry,0.5833
sleepy_20_part14.wav,cry,0.9995
sleepy_20_part16.wav,cry,0.9648
sleepy_20_part5.wav,cry,0.8580
sleepy_20_part6.wav,cry,0.9334
sleepy_21_part2.wav,cry,1.0000
sleepy_22_part1.wav,cry,1.0000
sleepy_22_part13.wav,cry,1.0000
sleepy_22_part7.wav,cry,0.9978
sleepy_23_part12.wav,cry,0.9967
sleepy_23_part3.wav,cry,0.9998
sleepy_23_part5.wav,cry,0.9970
sleepy_24_part5.wav,cry,0.9999
sleepy_24_part7.wav,cry,1.0000
sleepy_25_part6.wav,cry,1.0000
sleepy_25_part8.wav,cry,0.9991
sleepy_26_part11.wav,cry,1.0000
sleepy_26_part3.wav,cry,0.9999
sleepy_26_part5.wav,cry,0.9999
sleepy_26_part6.wav,cry,0.9986
sleepy_26_part9.wav,cry,0.9999
sleepy_27_part11.wav,cry,1.0000
sleepy_27_part18.wav,cry,1.0000
sleepy_27_part21.wav,not_cry,0.8862
sleepy_27_part9.wav,cry,1.0000
sleepy_28_part10.wav,cry,0.9993
sleepy_28_part6.wav,cry,1.0000
sleepy_28_part8.wav,cry,1.0000
sleepy_29_part4.wav,cry,0.9999
sleepy_29_part8.wav,cry,0.9992
sleepy_2_part4.wav,cry,0.9999
sleepy_30_part1.wav,cry,1.0000
sleepy_30_part10.wav,cry,0.9997
sleepy_30_part2.wav,cry,1.0000
sleepy_30_part3.wav,cry,1.0000
sleepy_30_part5.wav,cry,0.9688
sleepy_30_part8.wav,cry,0.9976
sleepy_31_part11.wav,cry,0.9987
sleepy_31_part2.wav,cry,0.6131
sleepy_31_part8.wav,cry,0.9661
sleepy_32_part1.wav,cry,0.9997
sleepy_32_part10.wav,cry,1.0000
sleepy_32_part6.wav,cry,0.9998
sleepy_32_part9.wav,cry,1.0000
sleepy_33_part10.wav,cry,1.0000
sleepy_33_part12.wav,cry,0.9999
sleepy_33_part6.wav,cry,0.9999
sleepy_33_part7.wav,cry,1.0000
sleepy_33_part9.wav,cry,1.0000
sleepy_34_part15.wav,cry,1.0000
sleepy_34_part2.wav,cry,1.0000
sleepy_34_part5.wav,cry,0.9995
sleepy_35_part7.wav,cry,0.9998
sleepy_36_part6.wav,cry,1.0000
sleepy_36_part9.wav,cry,1.0000
sleepy_37_part11.wav,cry,0.9975
sleepy_37_part2.wav,cry,0.9916
sleepy_37_part9.wav,cry,0.9998
sleepy_38_part12.wav,cry,0.9971
sleepy_38_part5.wav,cry,0.9999
sleepy_39_part1.wav,cry,0.9998
sleepy_39_part13.wav,cry,1.0000
sleepy_3_part10.wav,cry,0.9981
sleepy_40_part14.wav,cry,0.7026
sleepy_40_part4.wav,cry,1.0000
sleepy_40_part9.wav,cry,0.9997
sleepy_42_part2.wav,cry,1.0000
sleepy_42_part8.wav,cry,1.0000
sleepy_42_part9.wav,cry,0.9999
sleepy_43_part11.wav,cry,0.9999
sleepy_43_part13.wav,cry,1.0000
sleepy_43_part2.wav,cry,0.9780
sleepy_43_part5.wav,cry,0.9998
sleepy_43_part8.wav,cry,1.0000
sleepy_44_part14.wav,cry,1.0000
sleepy_44_part5.wav,cry,1.0000
sleepy_44_part8.wav,cry,0.9998
sleepy_45_part16.wav,cry,0.9996
sleepy_46_part11.wav,cry,0.9991
sleepy_46_part5.wav,cry,0.9998
sleepy_47_part10.wav,cry,1.0000
sleepy_47_part13.wav,cry,1.0000
sleepy_47_part2.wav,cry,1.0000
sleepy_47_part5.wav,cry,1.0000
sleepy_47_part9.wav,cry,1.0000
sleepy_48_part1.wav,cry,0.9998
sleepy_48_part6.wav,cry,1.0000
sleepy_49_part10.wav,cry,1.0000
sleepy_49_part4.wav,cry,0.9999
sleepy_4_part6.wav,cry,1.0000
sleepy_50_part11.wav,cry,1.0000
sleepy_50_part4.wav,cry,1.0000
sleepy_50_part8.wav,cry,0.9999
sleepy_51_part1.wav,cry,0.9998
sleepy_51_part10.wav,cry,1.0000
sleepy_52_part13.wav,cry,1.0000
sleepy_53_part13.wav,cry,0.9914
sleepy_53_part5.wav,cry,1.0000
sleepy_54_part4.wav,cry,1.0000
sleepy_54_part9.wav,cry,1.0000
sleepy_55_part10.wav,cry,0.9993
sleepy_55_part3.wav,cry,0.9998
sleepy_56_part3.wav,cry,0.9997
sleepy_57_part11.wav,cry,1.0000
sleepy_57_part12.wav,cry,0.9997
sleepy_57_part7.wav,cry,0.9995
sleepy_58_part2.wav,cry,1.0000
sleepy_58_part3.wav,cry,1.0000
sleepy_58_part6.wav,cry,1.0000
sleepy_58_part7.wav,cry,0.9998
sleepy_59_part2.wav,cry,1.0000
sleepy_59_part4.wav,cry,0.9998
sleepy_59_part8.wav,cry,0.9999
sleepy_5_part14.wav,cry,0.9999
sleepy_5_part2.wav,cry,0.9981
sleepy_5_part4.wav,cry,1.0000
sleepy_5_part6.wav,cry,1.0000
sleepy_5_part7.wav,cry,0.9999
sleepy_60_part1.wav,cry,0.6885
sleepy_60_part12.wav,cry,1.0000
sleepy_60_part13.wav,cry,0.9999
sleepy_60_part2.wav,not_cry,0.9703
sleepy_60_part9.wav,not_cry,0.6699
sleepy_61_part1.wav,cry,0.5338
sleepy_61_part10.wav,cry,0.9594
sleepy_61_part8.wav,cry,0.9852
sleepy_61_part9.wav,cry,0.9976
sleepy_62_part6.wav,cry,0.9998
sleepy_63_part4.wav,cry,1.0000
sleepy_64_part13.wav,cry,1.0000
sleepy_64_part4.wav,cry,1.0000
sleepy_65_part4.wav,cry,1.0000
sleepy_65_part7.wav,cry,1.0000
sleepy_65_part9.wav,cry,1.0000
sleepy_66_part15.wav,cry,0.9942
sleepy_66_part3.wav,cry,1.0000
sleepy_66_part4.wav,cry,1.0000
sleepy_67_part11.wav,cry,1.0000
sleepy_67_part14.wav,cry,1.0000
sleepy_67_part6.wav,cry,1.0000
sleepy_67_part7.wav,cry,1.0000
sleepy_68_part10.wav,cry,1.0000
sleepy_69_part10.wav,cry,1.0000
sleepy_69_part12.wav,cry,1.0000
sleepy_69_part4.wav,cry,1.0000
sleepy_69_part7.wav,cry,1.0000
sleepy_6_part6.wav,cry,0.9999
sleepy_70_part12.wav,cry,1.0000
sleepy_71_part12.wav,cry,1.0000
sleepy_72_part10.wav,cry,0.9980
sleepy_72_part12.wav,cry,0.9953
sleepy_72_part4.wav,cry,0.9999
sleepy_72_part6.wav,cry,0.9999
sleepy_73_part5.wav,cry,1.0000
sleepy_74_part12.wav,cry,1.0000
sleepy_74_part2.wav,cry,1.0000
sleepy_74_part5.wav,cry,1.0000
sleepy_75_part6.wav,cry,1.0000
sleepy_76_part2.wav,cry,1.0000
sleepy_76_part4.wav,cry,1.0000
sleepy_76_part7.wav,cry,1.0000
sleepy_77_part8.wav,cry,1.0000
sleepy_78_part1.wav,cry,0.9867
sleepy_78_part11.wav,cry,0.9998
sleepy_78_part5.wav,cry,0.9999
sleepy_78_part9.wav,cry,0.9984
sleepy_79_part7.wav,cry,1.0000
sleepy_7_part1.wav,cry,0.9990
sleepy_7_part2.wav,cry,1.0000
sleepy_80_part12.wav,cry,0.9998
sleepy_80_part3.wav,cry,1.0000
sleepy_80_part6.wav,cry,1.0000
sleepy_80_part8.wav,cry,1.0000
sleepy_81_part12.wav,cry,0.9992
sleepy_82_part13.wav,cry,0.9999
sleepy_82_part14.wav,cry,1.0000
sleepy_82_part3.wav,cry,1.0000
sleepy_83_part14.wav,cry,1.0000
sleepy_83_part3.wav,cry,1.0000
sleepy_83_part4.wav,cry,0.9997
sleepy_83_part8.wav,cry,1.0000
sleepy_84_part1.wav,cry,0.9993
sleepy_84_part12.wav,cry,0.9999
sleepy_84_part14.wav,cry,1.0000
sleepy_84_part6.wav,cry,1.0000
sleepy_85_part1.wav,cry,1.0000
sleepy_85_part2.wav,cry,1.0000
sleepy_86_part13.wav,cry,0.9999
sleepy_87_part15.wav,cry,1.0000
sleepy_88_part10.wav,cry,1.0000
sleepy_88_part12.wav,cry,1.0000
sleepy_88_part15.wav,cry,1.0000
sleepy_88_part5.wav,cry,1.0000
sleepy_88_part8.wav,cry,1.0000
sleepy_89_part6.wav,cry,1.0000
sleepy_8_part13.wav,cry,1.0000
sleepy_90_part5.wav,cry,0.9974
sleepy_90_part8.wav,cry,0.9976
sleepy_91_part11.wav,cry,0.9752
sleepy_91_part16.wav,cry,0.9921
sleepy_91_part2.wav,cry,1.0000
sleepy_91_part4.wav,cry,1.0000
sleepy_92_part11.wav,cry,1.0000
sleepy_92_part12.wav,cry,1.0000
sleepy_93_part11.wav,cry,1.0000
sleepy_93_part6.wav,cry,1.0000
sleepy_93_part9.wav,cry,1.0000
sleepy_95_part15.wav,cry,1.0000
sleepy_95_part2.wav,cry,1.0000
sleepy_96_part3.wav,cry,1.0000
sleepy_96_part4.wav,cry,1.0000
sleepy_96_part5.wav,cry,1.0000
sleepy_97_part15.wav,cry,0.9993
sleepy_98_part10.wav,cry,0.9994
sleepy_98_part11.wav,cry,0.9997
sleepy_98_part4.wav,cry,1.0000
sleepy_98_part8.wav,cry,0.9999
sleepy_99_part8.wav,cry,0.9992
sleepy_9_part12.wav,cry,0.9956
sleepy_9_part13.wav,cry,0.9945
sleepy_9_part5.wav,cry,1.0000
sleepy_9_part9.wav,cry,0.9700
uncomfortable_0_part13.wav,cry,0.6708
uncomfortable_0_part6.wav,not_cry,0.9192
uncomfortable_0_part9.wav,not_cry,0.9249
uncomfortable_100_part10.wav,cry,1.0000
uncomfortable_100_part11.wav,cry,1.0000
uncomfortable_100_part13.wav,cry,0.9917
uncomfortable_101_part1.wav,cry,0.9856
uncomfortable_101_part16.wav,cry,0.9830
uncomfortable_102_part11.wav,cry,1.0000
uncomfortable_102_part14.wav,cry,1.0000
uncomfortable_103_part1.wav,cry,1.0000
uncomfortable_103_part12.wav,cry,1.0000
uncomfortable_104_part10.wav,cry,1.0000
uncomfortable_104_part5.wav,cry,0.7931
uncomfortable_105_part6.wav,cry,0.9911
uncomfortable_105_part7.wav,cry,0.9999
uncomfortable_107_part14.wav,cry,1.0000
uncomfortable_107_part3.wav,cry,1.0000
uncomfortable_109_part6.wav,cry,1.0000
uncomfortable_10_part5.wav,cry,0.9999
uncomfortable_10_part6.wav,cry,0.9999
uncomfortable_111_part7.wav,cry,0.9954
uncomfortable_111_part9.wav,cry,0.9998
uncomfortable_112_part10.wav,cry,0.9999
uncomfortable_112_part4.wav,cry,0.9998
uncomfortable_112_part8.wav,cry,0.6818
uncomfortable_113_part10.wav,cry,0.9999
uncomfortable_113_part13.wav,cry,1.0000
uncomfortable_113_part4.wav,cry,1.0000
uncomfortable_113_part7.wav,cry,0.9999
uncomfortable_114_part2.wav,cry,0.9998
uncomfortable_114_part5.wav,cry,0.9924
uncomfortable_115_part11.wav,cry,1.0000
uncomfortable_116_part11.wav,cry,0.9998
uncomfortable_116_part12.wav,cry,1.0000
uncomfortable_116_part13.wav,cry,1.0000
uncomfortable_116_part3.wav,cry,1.0000
uncomfortable_116_part9.wav,cry,0.9985
uncomfortable_118_part1.wav,cry,1.0000
uncomfortable_118_part12.wav,cry,1.0000
uncomfortable_118_part16.wav,cry,0.9576
uncomfortable_118_part5.wav,cry,0.9975
uncomfortable_118_part7.wav,cry,1.0000
uncomfortable_119_part3.wav,cry,1.0000
uncomfortable_119_part9.wav,cry,0.9996
uncomfortable_11_part13.wav,cry,0.9993
uncomfortable_11_part5.wav,cry,1.0000
uncomfortable_11_part7.wav,cry,0.9999
uncomfortable_120_part2.wav,cry,1.0000
uncomfortable_120_part3.wav,cry,1.0000
uncomfortable_120_part6.wav,cry,0.9999
uncomfortable_120_part8.wav,cry,0.9999
uncomfortable_120_part9.wav,cry,1.0000
uncomfortable_121_part10.wav,cry,0.9999
uncomfortable_121_part11.wav,cry,0.9993
uncomfortable_121_part13.wav,cry,1.0000
uncomfortable_122_part11.wav,cry,1.0000
uncomfortable_122_part6.wav,cry,0.9999
uncomfortable_124_part1.wav,cry,1.0000
uncomfortable_124_part13.wav,cry,1.0000
uncomfortable_124_part4.wav,cry,1.0000
uncomfortable_125_part2.wav,cry,0.9997
uncomfortable_125_part9.wav,cry,0.9999
uncomfortable_126_part1.wav,cry,0.9973
uncomfortable_127_part10.wav,cry,1.0000
uncomfortable_127_part5.wav,cry,1.0000
uncomfortable_127_part9.wav,cry,1.0000
uncomfortable_129_part3.wav,cry,0.9932
uncomfortable_12_part10.wav,cry,0.9998
uncomfortable_130_part4.wav,cry,0.9999
uncomfortable_130_part8.wav,cry,0.9999
uncomfortable_131_part6.wav,cry,1.0000
uncomfortable_131_part7.wav,cry,1.0000
uncomfortable_132_part1.wav,cry,1.0000
uncomfortable_132_part2.wav,cry,1.0000
uncomfortable_132_part7.wav,cry,0.9999
uncomfortable_132_part8.wav,cry,1.0000
uncomfortable_133_part5.wav,cry,0.9913
uncomfortable_134_part11.wav,cry,0.9999
uncomfortable_134_part8.wav,cry,1.0000
uncomfortable_135_part7.wav,cry,0.9684
uncomfortable_135_part8.wav,cry,0.9943
uncomfortable_136_part11.wav,cry,1.0000
uncomfortable_136_part3.wav,cry,1.0000
uncomfortable_136_part7.wav,cry,1.0000
uncomfortable_137_part1.wav,cry,1.0000
uncomfortable_137_part11.wav,cry,1.0000
uncomfortable_137_part3.wav,cry,0.9996
uncomfortable_138_part15.wav,cry,0.9997
uncomfortable_138_part2.wav,cry,1.0000
uncomfortable_138_part20.wav,cry,1.0000
uncomfortable_138_part6.wav,cry,1.0000
uncomfortable_139_part13.wav,cry,1.0000
uncomfortable_139_part14.wav,cry,0.9999
uncomfortable_139_part15.wav,cry,1.0000
uncomfortable_13_part1.wav,cry,1.0000
uncomfortable_13_part11.wav,cry,0.9930
uncomfortable_140_part12.wav,cry,1.0000
uncomfortable_140_part4.wav,cry,0.9980
uncomfortable_141_part1.wav,cry,1.0000
uncomfortable_141_part5.wav,cry,1.0000
uncomfortable_143_part7.wav,cry,1.0000
uncomfortable_149_part2.wav,cry,1.0000
uncomfortable_14_part10.wav,cry,1.0000
uncomfortable_14_part2.wav,cry,1.0000
uncomfortable_152_part11.wav,cry,0.6673
uncomfortable_152_part2.wav,cry,0.9359
uncomfortable_152_part9.wav,cry,0.9909
uncomfortable_153_part9.wav,cry,1.0000
uncomfortable_154_part1.wav,cry,0.9963
uncomfortable_154_part11.wav,cry,0.9995
uncomfortable_154_part13.wav,cry,0.9999
uncomfortable_154_part3.wav,cry,1.0000
uncomfortable_154_part7.wav,cry,0.9998
uncomfortable_155_part2.wav,not_cry,0.9832
uncomfortable_155_part4.wav,cry,1.0000
uncomfortable_155_part6.wav,cry,1.0000
uncomfortable_155_part8.wav,cry,1.0000
uncomfortable_155_part9.wav,cry,0.9999
uncomfortable_156_part1.wav,cry,1.0000
uncomfortable_156_part2.wav,cry,1.0000
uncomfortable_158_part10.wav,cry,0.9996
uncomfortable_158_part5.wav,cry,0.9919
uncomfortable_159_part12.wav,cry,1.0000
uncomfortable_159_part3.wav,cry,1.0000
uncomfortable_159_part6.wav,cry,1.0000
uncomfortable_15_part12.wav,cry,1.0000
uncomfortable_15_part4.wav,cry,0.9999
uncomfortable_16_part12.wav,not_cry,0.9913
uncomfortable_16_part15.wav,cry,0.9986
uncomfortable_16_part8.wav,cry,0.7836
uncomfortable_19_part13.wav,cry,0.9999
uncomfortable_1_part11.wav,cry,1.0000
uncomfortable_1_part8.wav,cry,1.0000
uncomfortable_20_part10.wav,cry,1.0000
uncomfortable_20_part3.wav,cry,0.9999
uncomfortable_20_part8.wav,cry,1.0000
uncomfortable_21_part4.wav,cry,1.0000
uncomfortable_21_part6.wav,cry,1.0000
uncomfortable_22_part3.wav,not_cry,0.5579
uncomfortable_24_part11.wav,cry,1.0000
uncomfortable_24_part6.wav,cry,0.9773
uncomfortable_25_part10.wav,cry,0.9992
uncomfortable_25_part3.wav,cry,1.0000
uncomfortable_26_part14.wav,cry,1.0000
uncomfortable_26_part2.wav,cry,1.0000
uncomfortable_26_part6.wav,cry,0.9992
uncomfortable_26_part9.wav,cry,1.0000
uncomfortable_27_part1.wav,cry,0.9935
uncomfortable_27_part5.wav,cry,0.9957
uncomfortable_28_part10.wav,cry,0.9997
uncomfortable_29_part1.wav,cry,0.9998
uncomfortable_29_part12.wav,cry,0.9501
uncomfortable_29_part4.wav,cry,0.9985
uncomfortable_29_part8.wav,cry,0.9992
uncomfortable_2_part1.wav,cry,0.9999
uncomfortable_2_part13.wav,cry,0.9750
uncomfortable_2_part5.wav,cry,1.0000
uncomfortable_2_part9.wav,cry,1.0000
uncomfortable_30_part5.wav,cry,0.9988
uncomfortable_31_part2.wav,cry,0.9931
uncomfortable_31_part4.wav,cry,0.9999
uncomfortable_31_part8.wav,cry,1.0000
uncomfortable_32_part13.wav,cry,1.0000
uncomfortable_32_part14.wav,cry,1.0000
uncomfortable_32_part5.wav,cry,0.9919
uncomfortable_33_part13.wav,cry,1.0000
uncomfortable_35_part16.wav,cry,0.9984
uncomfortable_35_part5.wav,cry,0.9970
uncomfortable_37_part7.wav,cry,1.0000
uncomfortable_39_part11.wav,cry,0.9947
uncomfortable_39_part3.wav,cry,1.0000
uncomfortable_39_part5.wav,cry,1.0000
uncomfortable_39_part6.wav,cry,1.0000
uncomfortable_3_part3.wav,cry,0.9961
uncomfortable_41_part12.wav,cry,0.9990
uncomfortable_41_part4.wav,cry,0.9962
uncomfortable_42_part6.wav,cry,1.0000
uncomfortable_44_part12.wav,cry,1.0000
uncomfortable_44_part3.wav,cry,0.5965
uncomfortable_45_part10.wav,cry,0.9997
uncomfortable_45_part13.wav,cry,0.9993
uncomfortable_45_part4.wav,cry,0.9993
uncomfortable_45_part9.wav,cry,0.9986
uncomfortable_46_part14.wav,cry,0.9999
uncomfortable_46_part15.wav,cry,1.0000
uncomfortable_46_part5.wav,cry,1.0000
uncomfortable_46_part8.wav,cry,1.0000
uncomfortable_47_part9.wav,cry,1.0000
uncomfortable_48_part14.wav,cry,1.0000
uncomfortable_48_part17.wav,cry,1.0000
uncomfortable_48_part5.wav,cry,0.9994
uncomfortable_48_part7.wav,cry,0.9989
uncomfortable_49_part3.wav,cry,1.0000
uncomfortable_4_part4.wav,cry,1.0000
uncomfortable_50_part3.wav,cry,0.9441
uncomfortable_50_part4.wav,not_cry,0.6244
uncomfortable_50_part5.wav,cry,0.9998
uncomfortable_50_part7.wav,cry,0.9997
uncomfortable_50_part8.wav,cry,0.9999
uncomfortable_52_part11.wav,cry,1.0000
uncomfortable_52_part3.wav,cry,1.0000
uncomfortable_52_part5.wav,cry,0.9999
uncomfortable_53_part1.wav,cry,0.9998
uncomfortable_53_part4.wav,cry,0.9999
uncomfortable_53_part9.wav,cry,0.9980
uncomfortable_54_part14.wav,cry,0.9933
uncomfortable_54_part15.wav,cry,0.9950
uncomfortable_54_part2.wav,cry,0.9976
uncomfortable_54_part8.wav,cry,0.9974
uncomfortable_55_part2.wav,cry,1.0000
uncomfortable_55_part4.wav,cry,1.0000
uncomfortable_56_part10.wav,cry,1.0000
uncomfortable_56_part3.wav,cry,0.9990
uncomfortable_56_part5.wav,cry,1.0000
uncomfortable_57_part1.wav,cry,1.0000
uncomfortable_57_part2.wav,cry,1.0000
uncomfortable_58_part4.wav,cry,0.9977
uncomfortable_59_part3.wav,cry,1.0000
uncomfortable_59_part5.wav,cry,0.9967
uncomfortable_5_part10.wav,cry,1.0000
uncomfortable_5_part7.wav,cry,1.0000
uncomfortable_60_part18.wav,cry,0.9910
uncomfortable_60_part2.wav,cry,0.9963
uncomfortable_60_part3.wav,cry,0.9987
uncomfortable_60_part9.wav,cry,0.9831
uncomfortable_61_part3.wav,cry,1.0000
uncomfortable_61_part5.wav,cry,0.9887
uncomfortable_62_part2.wav,cry,0.9999
uncomfortable_63_part13.wav,cry,1.0000
uncomfortable_64_part13.wav,cry,0.9983
uncomfortable_64_part3.wav,not_cry,0.8931
uncomfortable_64_part5.wav,cry,0.9968
uncomfortable_64_part9.wav,cry,1.0000
uncomfortable_65_part4.wav,cry,1.0000
uncomfortable_65_part5.wav,cry,1.0000
uncomfortable_66_part3.wav,cry,1.0000
uncomfortable_67_part2.wav,cry,1.0000
uncomfortable_67_part6.wav,cry,0.9782
uncomfortable_68_part1.wav,cry,1.0000
uncomfortable_68_part9.wav,cry,1.0000
uncomfortable_69_part3.wav,cry,0.9994
uncomfortable_69_part4.wav,cry,0.9996
uncomfortable_69_part6.wav,cry,1.0000
uncomfortable_69_part7.wav,cry,0.9979
uncomfortable_70_part1.wav,cry,0.5309
uncomfortable_70_part10.wav,cry,0.9997
uncomfortable_70_part16.wav,cry,0.9999
uncomfortable_70_part22.wav,cry,0.9949
uncomfortable_70_part7.wav,cry,0.9996
uncomfortable_71_part3.wav,cry,0.9999
uncomfortable_72_part15.wav,cry,0.9981
uncomfortable_72_part7.wav,cry,0.9999
uncomfortable_73_part1.wav,cry,1.0000
uncomfortable_73_part4.wav,cry,1.0000
uncomfortable_73_part7.wav,cry,0.9999
uncomfortable_74_part1.wav,cry,0.9999
uncomfortable_74_part16.wav,cry,0.9943
uncomfortable_76_part10.wav,cry,1.0000
uncomfortable_76_part11.wav,cry,1.0000
uncomfortable_76_part13.wav,cry,0.9999
uncomfortable_77_part8.wav,cry,1.0000
uncomfortable_78_part4.wav,cry,1.0000
uncomfortable_79_part10.wav,cry,1.0000
uncomfortable_79_part2.wav,cry,1.0000
uncomfortable_79_part6.wav,cry,1.0000
uncomfortable_7_part3.wav,cry,0.9996
uncomfortable_80_part2.wav,cry,1.0000
uncomfortable_81_part11.wav,cry,0.9998
uncomfortable_81_part3.wav,cry,1.0000
uncomfortable_81_part4.wav,cry,0.9999
uncomfortable_81_part8.wav,cry,0.9997
uncomfortable_82_part1.wav,cry,1.0000
uncomfortable_82_part5.wav,cry,1.0000
uncomfortable_82_part7.wav,cry,1.0000
uncomfortable_83_part1.wav,cry,0.9999
uncomfortable_83_part10.wav,cry,1.0000
uncomfortable_83_part9.wav,cry,0.9999
uncomfortable_84_part11.wav,cry,1.0000
uncomfortable_84_part3.wav,cry,1.0000
uncomfortable_84_part8.wav,cry,1.0000
uncomfortable_85_part4.wav,cry,1.0000
uncomfortable_86_part1.wav,cry,0.9986
uncomfortable_86_part12.wav,cry,0.9998
uncomfortable_86_part14.wav,cry,0.9750
uncomfortable_86_part6.wav,cry,0.9978
uncomfortable_87_part12.wav,cry,0.9991
uncomfortable_87_part3.wav,cry,0.9993
uncomfortable_87_part5.wav,cry,0.9117
uncomfortable_88_part10.wav,cry,1.0000
uncomfortable_88_part3.wav,cry,1.0000
uncomfortable_88_part8.wav,cry,1.0000
uncomfortable_8_part3.wav,cry,1.0000
uncomfortable_90_part6.wav,cry,1.0000
uncomfortable_90_part9.wav,cry,1.0000
uncomfortable_91_part8.wav,cry,1.0000
uncomfortable_93_part7.wav,cry,0.9967
uncomfortable_94_part5.wav,cry,1.0000
uncomfortable_96_part10.wav,cry,1.0000
uncomfortable_96_part11.wav,cry,1.0000
uncomfortable_96_part7.wav,cry,1.0000
uncomfortable_97_part1.wav,cry,0.9995
uncomfortable_97_part12.wav,cry,1.0000
uncomfortable_97_part4.wav,cry,1.0000
uncomfortable_97_part6.wav,cry,0.9999
uncomfortable_98_part2.wav,cry,0.9944
uncomfortable_98_part4.wav,cry,0.9965
uncomfortable_98_part9.wav,cry,0.9995
uncomfortable_99_part10.wav,cry,1.0000
uncomfortable_99_part13.wav,cry,1.0000
uncomfortable_99_part3.wav,cry,0.9990
uncomfortable_99_part4.wav,cry,1.0000
uncomfortable_99_part9.wav,cry,0.9997
uncom_natan11_part3.wav,cry,0.9723
uncom_natan14_part2.wav,cry,0.9971
uncom_natan15_part3.wav,cry,0.9074
uncom_natan15_part4.wav,cry,0.9992
uncom_natan21_part3.wav,cry,0.5200
uncom_natan22_part1.wav,cry,0.7879
uncom_natan23_part2.wav,cry,0.9990
uncom_natan23_part5.wav,cry,0.9975
uncom_sugianto_minta_gendong_12_part1.wav,cry,0.9912
uncom_sugianto_minta_gendong_12_part3.wav,cry,0.9992
uncom_sugianto_minta_gendong_13_part2.wav,cry,1.0000
uncom_sugianto_minta_gendong_14_part2.wav,cry,0.9996
uncom_yasin_minta_gendong_11_part1.wav,cry,1.0000
uncom_yasin_minta_gendong_13_part2.wav,cry,0.9961
uncom_yasin_minta_gendong_14_part1.wav,cry,0.9993
